Workbook

Sheet 總表
A1: 姓名 | B1: 所屬系所 | C1: 學號 | D1: W | E1: Lab01 | F1: Lab02 | G1: Lab03 | H1: Lab04 | I1: Lab05 | J1: Final Exam | K1: Final Project | L1: Total | M1: Grade
A2: 陳柏翔 | B2: 電子碩 / IEE | C2: 313510156 | D2: FALSE | E2: ='Lab01'!K45 -> 100 | F2: ='Lab02'!K45 -> 83 | G2: ='Lab03'!U46 -> 97 | H2: ='Lab04'!S46 -> 98 | I2: ='Lab05'!P46 -> 98.5 | J2: ='Final Exam'!W46 -> 88.5 | K2: ='Final Project'!H45 -> 99.9 | L2: =IF(D2=TRUE,0,(E2+F2+G2+H2+I2)*0.12+(J2+K2)*0.2) -> 94.86 | M2: =IF(D2=TRUE,"W",IF(L2>=89.4,"A+",IF(L2>=84.4,"A",IF(L2>=79.4,"A-",IF(L2>=76.4,"B+",IF(L2>=72.4,"B",IF(L2>=69.4,"B-",IF(L2>=66.4,"C+",IF(L2>=62.4,"C",IF(L2>=59.4,"C-",IF(L2>=49.4,"D",IF(L2>0,"E",IF(L2<=0,"X",""))))))))))))) -> A+
A3: 梁皓鈞 | B3: 前瞻半導體 / Pio-SEMI | C3: 314580042 | D3: FALSE | E3: ='Lab01'!K117 -> 91 | F3: ='Lab02'!K117 -> 89.75 | G3: ='Lab03'!U118 -> 98 | H3: ='Lab04'!S118 -> 93 | I3: ='Lab05'!P118 -> 99 | J3: ='Final Exam'!W118 -> 88.5 | K3: ='Final Project'!H117 -> 98 | L3: =IF(D3=TRUE,0,(E3+F3+G3+H3+I3)*0.12+(J3+K3)*0.2) -> 93.79 | M3: =IF(D3=TRUE,"W",IF(L3>=89.4,"A+",IF(L3>=84.4,"A",IF(L3>=79.4,"A-",IF(L3>=76.4,"B+",IF(L3>=72.4,"B",IF(L3>=69.4,"B-",IF(L3>=66.4,"C+",IF(L3>=62.4,"C",IF(L3>=59.4,"C-",IF(L3>=49.4,"D",IF(L3>0,"E",IF(L3<=0,"X",""))))))))))))) -> A+
A4: 李博安 | B4: 電子碩 / IEE | C4: 314510120 | D4: FALSE | E4: ='Lab01'!K78 -> 94 | F4: ='Lab02'!K78 -> 96 | G4: ='Lab03'!U79 -> 96 | H4: ='Lab04'!S79 -> 92 | I4: ='Lab05'!P79 -> 94.5 | J4: ='Final Exam'!W79 -> 85.5 | K4: ='Final Project'!H78 -> 94.4 | L4: =IF(D4=TRUE,0,(E4+F4+G4+H4+I4)*0.12+(J4+K4)*0.2) -> 92.68 | M4: =IF(D4=TRUE,"W",IF(L4>=89.4,"A+",IF(L4>=84.4,"A",IF(L4>=79.4,"A-",IF(L4>=76.4,"B+",IF(L4>=72.4,"B",IF(L4>=69.4,"B-",IF(L4>=66.4,"C+",IF(L4>=62.4,"C",IF(L4>=59.4,"C-",IF(L4>=49.4,"D",IF(L4>0,"E",IF(L4<=0,"X",""))))))))))))) -> A+
A5: 胡育豪 | B5: 人工智慧 / AIG | C5: 314505002 | D5: FALSE | E5: ='Lab01'!K64 -> 97 | F5: ='Lab02'!K64 -> 96.75 | G5: ='Lab03'!U65 -> 97 | H5: ='Lab04'!S65 -> 84 | I5: ='Lab05'!P65 -> 97.75 | J5: ='Final Exam'!W65 -> 81.5 | K5: ='Final Project'!H64 -> 91.8 | L5: =IF(D5=TRUE,0,(E5+F5+G5+H5+I5)*0.12+(J5+K5)*0.2) -> 91.36 | M5: =IF(D5=TRUE,"W",IF(L5>=89.4,"A+",IF(L5>=84.4,"A",IF(L5>=79.4,"A-",IF(L5>=76.4,"B+",IF(L5>=72.4,"B",IF(L5>=69.4,"B-",IF(L5>=66.4,"C+",IF(L5>=62.4,"C",IF(L5>=59.4,"C-",IF(L5>=49.4,"D",IF(L5>0,"E",IF(L5<=0,"X",""))))))))))))) -> A+
A6: 康鈞睿 | B6: 電子碩 / IEE | C6: 313510217 | D6: FALSE | E6: ='Lab01'!K53 -> 88 | F6: ='Lab02'!K53 -> 88.75 | G6: ='Lab03'!U54 -> 88 | H6: ='Lab04'!S54 -> 96 | I6: ='Lab05'!P54 -> 91.75 | J6: ='Final Exam'!W54 -> 82 | K6: ='Final Project'!H53 -> 99.9 | L6: =IF(D6=TRUE,0,(E6+F6+G6+H6+I6)*0.12+(J6+K6)*0.2) -> 90.68 | M6: =IF(D6=TRUE,"W",IF(L6>=89.4,"A+",IF(L6>=84.4,"A",IF(L6>=79.4,"A-",IF(L6>=76.4,"B+",IF(L6>=72.4,"B",IF(L6>=69.4,"B-",IF(L6>=66.4,"C+",IF(L6>=62.4,"C",IF(L6>=59.4,"C-",IF(L6>=49.4,"D",IF(L6>0,"E",IF(L6<=0,"X",""))))))))))))) -> A+
A7: 李崇碩 | B7: 電子碩 / IEE | C7: 313510230 | D7: FALSE | E7: ='Lab01'!K54 -> 96 | F7: ='Lab02'!K54 -> 92.25 | G7: ='Lab03'!U55 -> 92 | H7: ='Lab04'!S55 -> 97 | I7: ='Lab05'!P55 -> 94.75 | J7: ='Final Exam'!W55 -> 77.5 | K7: ='Final Project'!H54 -> 91.8 | L7: =IF(D7=TRUE,0,(E7+F7+G7+H7+I7)*0.12+(J7+K7)*0.2) -> 90.5 | M7: =IF(D7=TRUE,"W",IF(L7>=89.4,"A+",IF(L7>=84.4,"A",IF(L7>=79.4,"A-",IF(L7>=76.4,"B+",IF(L7>=72.4,"B",IF(L7>=69.4,"B-",IF(L7>=66.4,"C+",IF(L7>=62.4,"C",IF(L7>=59.4,"C-",IF(L7>=49.4,"D",IF(L7>0,"E",IF(L7<=0,"X",""))))))))))))) -> A+
A8: 李昱承 | B8: 電機系 / UEE | C8: 111511249 | D8: FALSE | E8: ='Lab01'!K20 -> 95 | F8: ='Lab02'!K20 -> 79.5 | G8: ='Lab03'!U21 -> 95 | H8: ='Lab04'!S21 -> 93 | I8: ='Lab05'!P21 -> 88.75 | J8: ='Final Exam'!W21 -> 83 | K8: ='Final Project'!H20 -> 97.6 | L8: =IF(D8=TRUE,0,(E8+F8+G8+H8+I8)*0.12+(J8+K8)*0.2) -> 90.27 | M8: =IF(D8=TRUE,"W",IF(L8>=89.4,"A+",IF(L8>=84.4,"A",IF(L8>=79.4,"A-",IF(L8>=76.4,"B+",IF(L8>=72.4,"B",IF(L8>=69.4,"B-",IF(L8>=66.4,"C+",IF(L8>=62.4,"C",IF(L8>=59.4,"C-",IF(L8>=49.4,"D",IF(L8>0,"E",IF(L8<=0,"X",""))))))))))))) -> A+
A9: 張語楹 | B9: 電子碩 / IEE | C9: 314510126 | D9: FALSE | E9: ='Lab01'!K80 -> 92 | F9: ='Lab02'!K80 -> 88.75 | G9: ='Lab03'!U81 -> 84 | H9: ='Lab04'!S81 -> 86 | I9: ='Lab05'!P81 -> 94 | J9: ='Final Exam'!W81 -> 84.5 | K9: ='Final Project'!H80 -> 97.3 | L9: =IF(D9=TRUE,0,(E9+F9+G9+H9+I9)*0.12+(J9+K9)*0.2) -> 89.73 | M9: =IF(D9=TRUE,"W",IF(L9>=89.4,"A+",IF(L9>=84.4,"A",IF(L9>=79.4,"A-",IF(L9>=76.4,"B+",IF(L9>=72.4,"B",IF(L9>=69.4,"B-",IF(L9>=66.4,"C+",IF(L9>=62.4,"C",IF(L9>=59.4,"C-",IF(L9>=49.4,"D",IF(L9>0,"E",IF(L9<=0,"X",""))))))))))))) -> A+
A10: 劉昱旻 | B10: 電子碩 / IEE | C10: 314510166 | D10: FALSE | E10: ='Lab01'!K91 -> 97 | F10: ='Lab02'!K91 -> 85.5 | G10: ='Lab03'!U92 -> 87 | H10: ='Lab04'!S92 -> 94 | I10: ='Lab05'!P92 -> 94 | J10: ='Final Exam'!W92 -> 75.5 | K10: ='Final Project'!H91 -> 97.3 | L10: =IF(D10=TRUE,0,(E10+F10+G10+H10+I10)*0.12+(J10+K10)*0.2) -> 89.46 | M10: =IF(D10=TRUE,"W",IF(L10>=89.4,"A+",IF(L10>=84.4,"A",IF(L10>=79.4,"A-",IF(L10>=76.4,"B+",IF(L10>=72.4,"B",IF(L10>=69.4,"B-",IF(L10>=66.4,"C+",IF(L10>=62.4,"C",IF(L10>=59.4,"C-",IF(L10>=49.4,"D",IF(L10>0,"E",IF(L10<=0,"X",""))))))))))))) -> A+
A11: 林后辰 | B11: 電機系 / UEE | C11: 111511009 | D11: FALSE | E11: ='Lab01'!K6 -> 97 | F11: ='Lab02'!K6 -> 97 | G11: ='Lab03'!U7 -> 90 | H11: ='Lab04'!S7 -> 93 | I11: ='Lab05'!P7 -> 76.25 | J11: ='Final Exam'!W7 -> 82 | K11: ='Final Project'!H6 -> 93.1 | L11: =IF(D11=TRUE,0,(E11+F11+G11+H11+I11)*0.12+(J11+K11)*0.2) -> 89.41 | M11: =IF(D11=TRUE,"W",IF(L11>=89.4,"A+",IF(L11>=84.4,"A",IF(L11>=79.4,"A-",IF(L11>=76.4,"B+",IF(L11>=72.4,"B",IF(L11>=69.4,"B-",IF(L11>=66.4,"C+",IF(L11>=62.4,"C",IF(L11>=59.4,"C-",IF(L11>=49.4,"D",IF(L11>0,"E",IF(L11<=0,"X",""))))))))))))) -> A+
A12: 賴柏任 | B12: 電機系 / UEE | C12: 111511211 | D12: FALSE | E12: ='Lab01'!K17 -> 96 | F12: ='Lab02'!K17 -> 91.5 | G12: ='Lab03'!U18 -> 88 | H12: ='Lab04'!S18 -> 85 | I12: ='Lab05'!P18 -> 84 | J12: ='Final Exam'!W18 -> 86.5 | K12: ='Final Project'!H17 -> 93.3 | L12: =IF(D12=TRUE,0,(E12+F12+G12+H12+I12)*0.12+(J12+K12)*0.2) -> 89.3 | M12: =IF(D12=TRUE,"W",IF(L12>=89.4,"A+",IF(L12>=84.4,"A",IF(L12>=79.4,"A-",IF(L12>=76.4,"B+",IF(L12>=72.4,"B",IF(L12>=69.4,"B-",IF(L12>=66.4,"C+",IF(L12>=62.4,"C",IF(L12>=59.4,"C-",IF(L12>=49.4,"D",IF(L12>0,"E",IF(L12<=0,"X",""))))))))))))) -> A
A13: 林柏伸 | B13: 電機系 / UEE | C13: 111611088 | D13: FALSE | E13: ='Lab01'!K29 -> 90 | F13: ='Lab02'!K29 -> 93.75 | G13: ='Lab03'!U30 -> 90 | H13: ='Lab04'!S30 -> 88 | I13: ='Lab05'!P30 -> 92.5 | J13: ='Final Exam'!W30 -> 78 | K13: ='Final Project'!H29 -> 95.5 | L13: =IF(D13=TRUE,0,(E13+F13+G13+H13+I13)*0.12+(J13+K13)*0.2) -> 89.21 | M13: =IF(D13=TRUE,"W",IF(L13>=89.4,"A+",IF(L13>=84.4,"A",IF(L13>=79.4,"A-",IF(L13>=76.4,"B+",IF(L13>=72.4,"B",IF(L13>=69.4,"B-",IF(L13>=66.4,"C+",IF(L13>=62.4,"C",IF(L13>=59.4,"C-",IF(L13>=49.4,"D",IF(L13>0,"E",IF(L13<=0,"X",""))))))))))))) -> A
A14: 鍾宗揚 | B14: 電機系 / UEE | C14: 111511186 | D14: FALSE | E14: ='Lab01'!K15 -> 90 | F14: ='Lab02'!K15 -> 85 | G14: ='Lab03'!U16 -> 95 | H14: ='Lab04'!S16 -> 85 | I14: ='Lab05'!P16 -> 89.25 | J14: ='Final Exam'!W16 -> 82 | K14: ='Final Project'!H15 -> 95.5 | L14: =IF(D14=TRUE,0,(E14+F14+G14+H14+I14)*0.12+(J14+K14)*0.2) -> 88.81 | M14: =IF(D14=TRUE,"W",IF(L14>=89.4,"A+",IF(L14>=84.4,"A",IF(L14>=79.4,"A-",IF(L14>=76.4,"B+",IF(L14>=72.4,"B",IF(L14>=69.4,"B-",IF(L14>=66.4,"C+",IF(L14>=62.4,"C",IF(L14>=59.4,"C-",IF(L14>=49.4,"D",IF(L14>0,"E",IF(L14<=0,"X",""))))))))))))) -> A
A15: 徐煜絨 | B15: 電子碩 / IEE | C15: 314510152 | D15: FALSE | E15: ='Lab01'!K88 -> 92 | F15: ='Lab02'!K88 -> 92 | G15: ='Lab03'!U89 -> 91 | H15: ='Lab04'!S89 -> 90 | I15: ='Lab05'!P89 -> 92.75 | J15: ='Final Exam'!W89 -> 80.5 | K15: ='Final Project'!H88 -> 87.8 | L15: =IF(D15=TRUE,0,(E15+F15+G15+H15+I15)*0.12+(J15+K15)*0.2) -> 88.59 | M15: =IF(D15=TRUE,"W",IF(L15>=89.4,"A+",IF(L15>=84.4,"A",IF(L15>=79.4,"A-",IF(L15>=76.4,"B+",IF(L15>=72.4,"B",IF(L15>=69.4,"B-",IF(L15>=66.4,"C+",IF(L15>=62.4,"C",IF(L15>=59.4,"C-",IF(L15>=49.4,"D",IF(L15>0,"E",IF(L15<=0,"X",""))))))))))))) -> A
A16: 許立勛 | B16: 前瞻半導體 / Pio-SEMI | C16: 314580044 | D16: FALSE | E16: ='Lab01'!K118 -> 90 | F16: ='Lab02'!K118 -> 84.25 | G16: ='Lab03'!U119 -> 93 | H16: ='Lab04'!S119 -> 94 | I16: ='Lab05'!P119 -> 92.25 | J16: ='Final Exam'!W119 -> 76 | K16: ='Final Project'!H118 -> 93.7 | L16: =IF(D16=TRUE,0,(E16+F16+G16+H16+I16)*0.12+(J16+K16)*0.2) -> 88.36 | M16: =IF(D16=TRUE,"W",IF(L16>=89.4,"A+",IF(L16>=84.4,"A",IF(L16>=79.4,"A-",IF(L16>=76.4,"B+",IF(L16>=72.4,"B",IF(L16>=69.4,"B-",IF(L16>=66.4,"C+",IF(L16>=62.4,"C",IF(L16>=59.4,"C-",IF(L16>=49.4,"D",IF(L16>0,"E",IF(L16<=0,"X",""))))))))))))) -> A
A17: 麥祐嘉 | B17: 電子碩 / IEE | C17: 314510134 | D17: FALSE | E17: ='Lab01'!K84 -> 89 | F17: ='Lab02'!K84 -> 91.75 | G17: ='Lab03'!U85 -> 93 | H17: ='Lab04'!S85 -> 89 | I17: ='Lab05'!P85 -> 88 | J17: ='Final Exam'!W85 -> 79 | K17: ='Final Project'!H84 -> 90.8 | L17: =IF(D17=TRUE,0,(E17+F17+G17+H17+I17)*0.12+(J17+K17)*0.2) -> 88.05 | M17: =IF(D17=TRUE,"W",IF(L17>=89.4,"A+",IF(L17>=84.4,"A",IF(L17>=79.4,"A-",IF(L17>=76.4,"B+",IF(L17>=72.4,"B",IF(L17>=69.4,"B-",IF(L17>=66.4,"C+",IF(L17>=62.4,"C",IF(L17>=59.4,"C-",IF(L17>=49.4,"D",IF(L17>0,"E",IF(L17<=0,"X",""))))))))))))) -> A
A18: 黃治鈞 | B18: 電機系 / UEE | C18: 111511306 | D18: FALSE | E18: ='Lab01'!K25 -> 96 | F18: ='Lab02'!K25 -> 88 | G18: ='Lab03'!U26 -> 85 | H18: ='Lab04'!S26 -> 80 | I18: ='Lab05'!P26 -> 82 | J18: ='Final Exam'!W26 -> 85 | K18: ='Final Project'!H25 -> 95.3 | L18: =IF(D18=TRUE,0,(E18+F18+G18+H18+I18)*0.12+(J18+K18)*0.2) -> 87.78 | M18: =IF(D18=TRUE,"W",IF(L18>=89.4,"A+",IF(L18>=84.4,"A",IF(L18>=79.4,"A-",IF(L18>=76.4,"B+",IF(L18>=72.4,"B",IF(L18>=69.4,"B-",IF(L18>=66.4,"C+",IF(L18>=62.4,"C",IF(L18>=59.4,"C-",IF(L18>=49.4,"D",IF(L18>0,"E",IF(L18<=0,"X",""))))))))))))) -> A
A19: 薛天其 | B19: 電機系 / UEE | C19: 111610032 | D19: FALSE | E19: ='Lab01'!K28 -> 92 | F19: ='Lab02'!K28 -> 88.5 | G19: ='Lab03'!U29 -> 93 | H19: ='Lab04'!S29 -> 85 | I19: ='Lab05'!P29 -> 92.5 | J19: ='Final Exam'!W29 -> 77 | K19: ='Final Project'!H28 -> 90 | L19: =IF(D19=TRUE,0,(E19+F19+G19+H19+I19)*0.12+(J19+K19)*0.2) -> 87.52 | M19: =IF(D19=TRUE,"W",IF(L19>=89.4,"A+",IF(L19>=84.4,"A",IF(L19>=79.4,"A-",IF(L19>=76.4,"B+",IF(L19>=72.4,"B",IF(L19>=69.4,"B-",IF(L19>=66.4,"C+",IF(L19>=62.4,"C",IF(L19>=59.4,"C-",IF(L19>=49.4,"D",IF(L19>0,"E",IF(L19<=0,"X",""))))))))))))) -> A
A20: 王睿哲 | B20: 電子碩 / IEE | C20: 313510214 | D20: FALSE | E20: ='Lab01'!K52 -> 91 | F20: ='Lab02'!K52 -> 91 | G20: ='Lab03'!U53 -> 98 | H20: ='Lab04'!S53 -> 92 | I20: ='Lab05'!P53 -> 86 | J20: ='Final Exam'!W53 -> 71.5 | K20: ='Final Project'!H52 -> 90.4 | L20: =IF(D20=TRUE,0,(E20+F20+G20+H20+I20)*0.12+(J20+K20)*0.2) -> 87.34 | M20: =IF(D20=TRUE,"W",IF(L20>=89.4,"A+",IF(L20>=84.4,"A",IF(L20>=79.4,"A-",IF(L20>=76.4,"B+",IF(L20>=72.4,"B",IF(L20>=69.4,"B-",IF(L20>=66.4,"C+",IF(L20>=62.4,"C",IF(L20>=59.4,"C-",IF(L20>=49.4,"D",IF(L20>0,"E",IF(L20<=0,"X",""))))))))))))) -> A
A21: 王乙棠 | B21: 電機系 / UEE | C21: 111511240 | D21: FALSE | E21: ='Lab01'!K18 -> 94 | F21: ='Lab02'!K18 -> 85.75 | G21: ='Lab03'!U19 -> 89 | H21: ='Lab04'!S19 -> 92 | I21: ='Lab05'!P19 -> 88.5 | J21: ='Final Exam'!W19 -> 72.5 | K21: ='Final Project'!H18 -> 94.6 | L21: =IF(D21=TRUE,0,(E21+F21+G21+H21+I21)*0.12+(J21+K21)*0.2) -> 87.33 | M21: =IF(D21=TRUE,"W",IF(L21>=89.4,"A+",IF(L21>=84.4,"A",IF(L21>=79.4,"A-",IF(L21>=76.4,"B+",IF(L21>=72.4,"B",IF(L21>=69.4,"B-",IF(L21>=66.4,"C+",IF(L21>=62.4,"C",IF(L21>=59.4,"C-",IF(L21>=49.4,"D",IF(L21>0,"E",IF(L21<=0,"X",""))))))))))))) -> A
A22: 徐瑞澤 | B22: 電子碩 / IEE | C22: 314510195 | D22: FALSE | E22: ='Lab01'!K98 -> 88 | F22: ='Lab02'!K98 -> 91.5 | G22: ='Lab03'!U99 -> 79 | H22: ='Lab04'!S99 -> 88 | I22: ='Lab05'!P99 -> 89.25 | J22: ='Final Exam'!W99 -> 80 | K22: ='Final Project'!H98 -> 93.7 | L22: =IF(D22=TRUE,0,(E22+F22+G22+H22+I22)*0.12+(J22+K22)*0.2) -> 87.03 | M22: =IF(D22=TRUE,"W",IF(L22>=89.4,"A+",IF(L22>=84.4,"A",IF(L22>=79.4,"A-",IF(L22>=76.4,"B+",IF(L22>=72.4,"B",IF(L22>=69.4,"B-",IF(L22>=66.4,"C+",IF(L22>=62.4,"C",IF(L22>=59.4,"C-",IF(L22>=49.4,"D",IF(L22>0,"E",IF(L22<=0,"X",""))))))))))))) -> A
A23: 白勝全 | B23: 電子碩 / IEE | C23: 314510209 | D23: FALSE | E23: ='Lab01'!K103 -> 97 | F23: ='Lab02'!K103 -> 91 | G23: ='Lab03'!U104 -> 94 | H23: ='Lab04'!S104 -> 86 | I23: ='Lab05'!P104 -> 72.25 | J23: ='Final Exam'!W104 -> 76 | K23: ='Final Project'!H103 -> 94.6 | L23: =IF(D23=TRUE,0,(E23+F23+G23+H23+I23)*0.12+(J23+K23)*0.2) -> 86.95 | M23: =IF(D23=TRUE,"W",IF(L23>=89.4,"A+",IF(L23>=84.4,"A",IF(L23>=79.4,"A-",IF(L23>=76.4,"B+",IF(L23>=72.4,"B",IF(L23>=69.4,"B-",IF(L23>=66.4,"C+",IF(L23>=62.4,"C",IF(L23>=59.4,"C-",IF(L23>=49.4,"D",IF(L23>0,"E",IF(L23<=0,"X",""))))))))))))) -> A
A24: 鐘邦郡 | B24: 資工系 / DCP | C24: 111652031 | D24: FALSE | E24: ='Lab01'!K31 -> 88 | F24: ='Lab02'!K31 -> 92.5 | G24: ='Lab03'!U32 -> 71 | H24: ='Lab04'!S32 -> 86 | I24: ='Lab05'!P32 -> 89.25 | J24: ='Final Exam'!W32 -> 84 | K24: ='Final Project'!H31 -> 93.3 | L24: =IF(D24=TRUE,0,(E24+F24+G24+H24+I24)*0.12+(J24+K24)*0.2) -> 86.67 | M24: =IF(D24=TRUE,"W",IF(L24>=89.4,"A+",IF(L24>=84.4,"A",IF(L24>=79.4,"A-",IF(L24>=76.4,"B+",IF(L24>=72.4,"B",IF(L24>=69.4,"B-",IF(L24>=66.4,"C+",IF(L24>=62.4,"C",IF(L24>=59.4,"C-",IF(L24>=49.4,"D",IF(L24>0,"E",IF(L24<=0,"X",""))))))))))))) -> A
A25: 任晏廷 | B25: 電子碩 / IEE | C25: 314510202 | D25: FALSE | E25: ='Lab01'!K102 -> 92 | F25: ='Lab02'!K102 -> 80.5 | G25: ='Lab03'!U103 -> 87 | H25: ='Lab04'!S103 -> 91 | I25: ='Lab05'!P103 -> 100 | J25: ='Final Exam'!W103 -> 74.5 | K25: ='Final Project'!H102 -> 88.1 | L25: =IF(D25=TRUE,0,(E25+F25+G25+H25+I25)*0.12+(J25+K25)*0.2) -> 86.58 | M25: =IF(D25=TRUE,"W",IF(L25>=89.4,"A+",IF(L25>=84.4,"A",IF(L25>=79.4,"A-",IF(L25>=76.4,"B+",IF(L25>=72.4,"B",IF(L25>=69.4,"B-",IF(L25>=66.4,"C+",IF(L25>=62.4,"C",IF(L25>=59.4,"C-",IF(L25>=49.4,"D",IF(L25>0,"E",IF(L25<=0,"X",""))))))))))))) -> A
A26: 李宇翔 | B26: 電機系 / UEE | C26: 111511247 | D26: FALSE | E26: ='Lab01'!K19 -> 97 | F26: ='Lab02'!K19 -> 89.75 | G26: ='Lab03'!U20 -> 86 | H26: ='Lab04'!S20 -> 91 | I26: ='Lab05'!P20 -> 76.5 | J26: ='Final Exam'!W20 -> 71 | K26: ='Final Project'!H19 -> 97.6 | L26: =IF(D26=TRUE,0,(E26+F26+G26+H26+I26)*0.12+(J26+K26)*0.2) -> 86.55 | M26: =IF(D26=TRUE,"W",IF(L26>=89.4,"A+",IF(L26>=84.4,"A",IF(L26>=79.4,"A-",IF(L26>=76.4,"B+",IF(L26>=72.4,"B",IF(L26>=69.4,"B-",IF(L26>=66.4,"C+",IF(L26>=62.4,"C",IF(L26>=59.4,"C-",IF(L26>=49.4,"D",IF(L26>0,"E",IF(L26<=0,"X",""))))))))))))) -> A
A27: 蔡東宏 | B27: 電子碩 / IEE | C27: 314510123 | D27: FALSE | E27: ='Lab01'!K79 -> 91 | F27: ='Lab02'!K79 -> 87.5 | G27: ='Lab03'!U80 -> 94 | H27: ='Lab04'!S80 -> 91 | I27: ='Lab05'!P80 -> 85.5 | J27: ='Final Exam'!W80 -> 69.5 | K27: ='Final Project'!H79 -> 93.3 | L27: =IF(D27=TRUE,0,(E27+F27+G27+H27+I27)*0.12+(J27+K27)*0.2) -> 86.44 | M27: =IF(D27=TRUE,"W",IF(L27>=89.4,"A+",IF(L27>=84.4,"A",IF(L27>=79.4,"A-",IF(L27>=76.4,"B+",IF(L27>=72.4,"B",IF(L27>=69.4,"B-",IF(L27>=66.4,"C+",IF(L27>=62.4,"C",IF(L27>=59.4,"C-",IF(L27>=49.4,"D",IF(L27>0,"E",IF(L27<=0,"X",""))))))))))))) -> A
A28: 莊之睿 | B28: 電機系 / UEE | C28: 111511010 | D28: FALSE | E28: ='Lab01'!K7 -> 91 | F28: ='Lab02'!K7 -> 92.25 | G28: ='Lab03'!U8 -> 84 | H28: ='Lab04'!S8 -> 91 | I28: ='Lab05'!P8 -> 64.25 | J28: ='Final Exam'!W8 -> 85.5 | K28: ='Final Project'!H7 -> 93.1 | L28: =IF(D28=TRUE,0,(E28+F28+G28+H28+I28)*0.12+(J28+K28)*0.2) -> 86.42 | M28: =IF(D28=TRUE,"W",IF(L28>=89.4,"A+",IF(L28>=84.4,"A",IF(L28>=79.4,"A-",IF(L28>=76.4,"B+",IF(L28>=72.4,"B",IF(L28>=69.4,"B-",IF(L28>=66.4,"C+",IF(L28>=62.4,"C",IF(L28>=59.4,"C-",IF(L28>=49.4,"D",IF(L28>0,"E",IF(L28<=0,"X",""))))))))))))) -> A
A29: 余姿燕 | B29: 電子碩 / IEE | C29: 313510159 | D29: FALSE | E29: ='Lab01'!K46 -> 88 | F29: ='Lab02'!K46 -> 94.75 | G29: ='Lab03'!U47 -> 90 | H29: ='Lab04'!S47 -> 90 | I29: ='Lab05'!P47 -> 86.75 | J29: ='Final Exam'!W47 -> 75.5 | K29: ='Final Project'!H46 -> 86.7 | L29: =IF(D29=TRUE,0,(E29+F29+G29+H29+I29)*0.12+(J29+K29)*0.2) -> 86.38 | M29: =IF(D29=TRUE,"W",IF(L29>=89.4,"A+",IF(L29>=84.4,"A",IF(L29>=79.4,"A-",IF(L29>=76.4,"B+",IF(L29>=72.4,"B",IF(L29>=69.4,"B-",IF(L29>=66.4,"C+",IF(L29>=62.4,"C",IF(L29>=59.4,"C-",IF(L29>=49.4,"D",IF(L29>0,"E",IF(L29<=0,"X",""))))))))))))) -> A
A30: 鄭人傑 | B30: 電子碩 / IEE | C30: 313510245 | D30: FALSE | E30: ='Lab01'!K58 -> 94 | F30: ='Lab02'!K58 -> 81.75 | G30: ='Lab03'!U59 -> 99 | H30: ='Lab04'!S59 -> 87 | I30: ='Lab05'!P59 -> 92.75 | J30: ='Final Exam'!W59 -> 70 | K30: ='Final Project'!H58 -> 88.1 | L30: =IF(D30=TRUE,0,(E30+F30+G30+H30+I30)*0.12+(J30+K30)*0.2) -> 86.16 | M30: =IF(D30=TRUE,"W",IF(L30>=89.4,"A+",IF(L30>=84.4,"A",IF(L30>=79.4,"A-",IF(L30>=76.4,"B+",IF(L30>=72.4,"B",IF(L30>=69.4,"B-",IF(L30>=66.4,"C+",IF(L30>=62.4,"C",IF(L30>=59.4,"C-",IF(L30>=49.4,"D",IF(L30>0,"E",IF(L30<=0,"X",""))))))))))))) -> A
A31: 簡宗弘 | B31: 電機系 / UEE | C31: 111511093 | D31: FALSE | E31: ='Lab01'!K10 -> 86 | F31: ='Lab02'!K10 -> 89.25 | G31: ='Lab03'!U11 -> 95 | H31: ='Lab04'!S11 -> 91 | I31: ='Lab05'!P11 -> 70.75 | J31: ='Final Exam'!W11 -> 73.5 | K31: ='Final Project'!H10 -> 98 | L31: =IF(D31=TRUE,0,(E31+F31+G31+H31+I31)*0.12+(J31+K31)*0.2) -> 86.14 | M31: =IF(D31=TRUE,"W",IF(L31>=89.4,"A+",IF(L31>=84.4,"A",IF(L31>=79.4,"A-",IF(L31>=76.4,"B+",IF(L31>=72.4,"B",IF(L31>=69.4,"B-",IF(L31>=66.4,"C+",IF(L31>=62.4,"C",IF(L31>=59.4,"C-",IF(L31>=49.4,"D",IF(L31>0,"E",IF(L31<=0,"X",""))))))))))))) -> A
A32: 鄭元閔 | B32: 電子碩 / IEE | C32: 314510151 | D32: FALSE | E32: ='Lab01'!K87 -> 91 | F32: ='Lab02'!K87 -> 90.75 | G32: ='Lab03'!U88 -> 92 | H32: ='Lab04'!S88 -> 86 | I32: ='Lab05'!P88 -> 89 | J32: ='Final Exam'!W88 -> 71.5 | K32: ='Final Project'!H87 -> 89.9 | L32: =IF(D32=TRUE,0,(E32+F32+G32+H32+I32)*0.12+(J32+K32)*0.2) -> 86.13 | M32: =IF(D32=TRUE,"W",IF(L32>=89.4,"A+",IF(L32>=84.4,"A",IF(L32>=79.4,"A-",IF(L32>=76.4,"B+",IF(L32>=72.4,"B",IF(L32>=69.4,"B-",IF(L32>=66.4,"C+",IF(L32>=62.4,"C",IF(L32>=59.4,"C-",IF(L32>=49.4,"D",IF(L32>0,"E",IF(L32<=0,"X",""))))))))))))) -> A
A33: 余家佑 | B33: 電子碩 / IEE | C33: 314510133 | D33: FALSE | E33: ='Lab01'!K83 -> 94 | F33: ='Lab02'!K83 -> 88.5 | G33: ='Lab03'!U84 -> 93 | H33: ='Lab04'!S84 -> 82 | I33: ='Lab05'!P84 -> 91.5 | J33: ='Final Exam'!W84 -> 72 | K33: ='Final Project'!H83 -> 88.1 | L33: =IF(D33=TRUE,0,(E33+F33+G33+H33+I33)*0.12+(J33+K33)*0.2) -> 85.9 | M33: =IF(D33=TRUE,"W",IF(L33>=89.4,"A+",IF(L33>=84.4,"A",IF(L33>=79.4,"A-",IF(L33>=76.4,"B+",IF(L33>=72.4,"B",IF(L33>=69.4,"B-",IF(L33>=66.4,"C+",IF(L33>=62.4,"C",IF(L33>=59.4,"C-",IF(L33>=49.4,"D",IF(L33>0,"E",IF(L33<=0,"X",""))))))))))))) -> A
A34: 鄭文碩 | B34: 電子碩 / IEE | C34: 314510173 | D34: FALSE | E34: ='Lab01'!K92 -> 90 | F34: ='Lab02'!K92 -> 84.5 | G34: ='Lab03'!U93 -> 88 | H34: ='Lab04'!S93 -> 80 | I34: ='Lab05'!P93 -> 81.5 | J34: ='Final Exam'!W93 -> 80.5 | K34: ='Final Project'!H92 -> 94.6 | L34: =IF(D34=TRUE,0,(E34+F34+G34+H34+I34)*0.12+(J34+K34)*0.2) -> 85.9 | M34: =IF(D34=TRUE,"W",IF(L34>=89.4,"A+",IF(L34>=84.4,"A",IF(L34>=79.4,"A-",IF(L34>=76.4,"B+",IF(L34>=72.4,"B",IF(L34>=69.4,"B-",IF(L34>=66.4,"C+",IF(L34>=62.4,"C",IF(L34>=59.4,"C-",IF(L34>=49.4,"D",IF(L34>0,"E",IF(L34<=0,"X",""))))))))))))) -> A
A35: 王信諺 | B35: 電機系 / UEE | C35: 111511260 | D35: FALSE | E35: ='Lab01'!K22 -> 94 | F35: ='Lab02'!K22 -> 89.5 | G35: ='Lab03'!U23 -> 80 | H35: ='Lab04'!S23 -> 93 | I35: ='Lab05'!P23 -> 81.5 | J35: ='Final Exam'!W23 -> 73 | K35: ='Final Project'!H22 -> 92.7 | L35: =IF(D35=TRUE,0,(E35+F35+G35+H35+I35)*0.12+(J35+K35)*0.2) -> 85.7 | M35: =IF(D35=TRUE,"W",IF(L35>=89.4,"A+",IF(L35>=84.4,"A",IF(L35>=79.4,"A-",IF(L35>=76.4,"B+",IF(L35>=72.4,"B",IF(L35>=69.4,"B-",IF(L35>=66.4,"C+",IF(L35>=62.4,"C",IF(L35>=59.4,"C-",IF(L35>=49.4,"D",IF(L35>0,"E",IF(L35<=0,"X",""))))))))))))) -> A
A36: 梁文熏 | B36: 前瞻半導體 / Pio-SEMI | C36: 314580048 | D36: FALSE | E36: ='Lab01'!K119 -> 93 | F36: ='Lab02'!K119 -> 88.25 | G36: ='Lab03'!U120 -> 99 | H36: ='Lab04'!S120 -> 88 | I36: ='Lab05'!P120 -> 91 | J36: ='Final Exam'!W120 -> 62.5 | K36: ='Final Project'!H119 -> 88.2 | L36: =IF(D36=TRUE,0,(E36+F36+G36+H36+I36)*0.12+(J36+K36)*0.2) -> 85.25 | M36: =IF(D36=TRUE,"W",IF(L36>=89.4,"A+",IF(L36>=84.4,"A",IF(L36>=79.4,"A-",IF(L36>=76.4,"B+",IF(L36>=72.4,"B",IF(L36>=69.4,"B-",IF(L36>=66.4,"C+",IF(L36>=62.4,"C",IF(L36>=59.4,"C-",IF(L36>=49.4,"D",IF(L36>0,"E",IF(L36<=0,"X",""))))))))))))) -> A
A37: 蔡綸鎧 | B37: 電子碩 / IEE | C37: 314510044 | D37: FALSE | E37: ='Lab01'!K72 -> 94 | F37: ='Lab02'!K72 -> 78.5 | G37: ='Lab03'!U73 -> 99 | H37: ='Lab04'!S73 -> 91 | I37: ='Lab05'!P73 -> 89.25 | J37: ='Final Exam'!W73 -> 60 | K37: ='Final Project'!H72 -> 95 | L37: =IF(D37=TRUE,0,(E37+F37+G37+H37+I37)*0.12+(J37+K37)*0.2) -> 85.21 | M37: =IF(D37=TRUE,"W",IF(L37>=89.4,"A+",IF(L37>=84.4,"A",IF(L37>=79.4,"A-",IF(L37>=76.4,"B+",IF(L37>=72.4,"B",IF(L37>=69.4,"B-",IF(L37>=66.4,"C+",IF(L37>=62.4,"C",IF(L37>=59.4,"C-",IF(L37>=49.4,"D",IF(L37>0,"E",IF(L37<=0,"X",""))))))))))))) -> A
A38: 陳昇達 | B38: 電子碩 / IEE | C38: 314510224 | D38: FALSE | E38: ='Lab01'!K107 -> 88 | F38: ='Lab02'!K107 -> 85.25 | G38: ='Lab03'!U108 -> 88 | H38: ='Lab04'!S108 -> 85 | I38: ='Lab05'!P108 -> 88.75 | J38: ='Final Exam'!W108 -> 71 | K38: ='Final Project'!H107 -> 93.7 | L38: =IF(D38=TRUE,0,(E38+F38+G38+H38+I38)*0.12+(J38+K38)*0.2) -> 85.14 | M38: =IF(D38=TRUE,"W",IF(L38>=89.4,"A+",IF(L38>=84.4,"A",IF(L38>=79.4,"A-",IF(L38>=76.4,"B+",IF(L38>=72.4,"B",IF(L38>=69.4,"B-",IF(L38>=66.4,"C+",IF(L38>=62.4,"C",IF(L38>=59.4,"C-",IF(L38>=49.4,"D",IF(L38>0,"E",IF(L38<=0,"X",""))))))))))))) -> A
A39: 柯奕逢 | B39: 電子碩 / IEE | C39: 314510222 | D39: FALSE | E39: ='Lab01'!K106 -> 88 | F39: ='Lab02'!K106 -> 93.25 | G39: ='Lab03'!U107 -> 91 | H39: ='Lab04'!S107 -> 85 | I39: ='Lab05'!P107 -> 79.25 | J39: ='Final Exam'!W107 -> 64.5 | K39: ='Final Project'!H106 -> 98.4 | L39: =IF(D39=TRUE,0,(E39+F39+G39+H39+I39)*0.12+(J39+K39)*0.2) -> 84.96 | M39: =IF(D39=TRUE,"W",IF(L39>=89.4,"A+",IF(L39>=84.4,"A",IF(L39>=79.4,"A-",IF(L39>=76.4,"B+",IF(L39>=72.4,"B",IF(L39>=69.4,"B-",IF(L39>=66.4,"C+",IF(L39>=62.4,"C",IF(L39>=59.4,"C-",IF(L39>=49.4,"D",IF(L39>0,"E",IF(L39<=0,"X",""))))))))))))) -> A
A40: 彭康軒 | B40: 電機碩 / GEE | C40: 314511040 | D40: FALSE | E40: ='Lab01'!K113 -> 95 | F40: ='Lab02'!K113 -> 93.75 | G40: ='Lab03'!U114 -> 70 | H40: ='Lab04'!S114 -> 83 | I40: ='Lab05'!P114 -> 84.5 | J40: ='Final Exam'!W114 -> 77 | K40: ='Final Project'!H113 -> 91.1 | L40: =IF(D40=TRUE,0,(E40+F40+G40+H40+I40)*0.12+(J40+K40)*0.2) -> 84.77 | M40: =IF(D40=TRUE,"W",IF(L40>=89.4,"A+",IF(L40>=84.4,"A",IF(L40>=79.4,"A-",IF(L40>=76.4,"B+",IF(L40>=72.4,"B",IF(L40>=69.4,"B-",IF(L40>=66.4,"C+",IF(L40>=62.4,"C",IF(L40>=59.4,"C-",IF(L40>=49.4,"D",IF(L40>0,"E",IF(L40<=0,"X",""))))))))))))) -> A
A41: 郭茂宇 | B41: 人工智慧 / AIG | C41: 314505004 | D41: FALSE | E41: ='Lab01'!K65 -> 90 | F41: ='Lab02'!K65 -> 86 | G41: ='Lab03'!U66 -> 73 | H41: ='Lab04'!S66 -> 95 | I41: ='Lab05'!P66 -> 94.25 | J41: ='Final Exam'!W66 -> 68 | K41: ='Final Project'!H65 -> 92.6 | L41: =IF(D41=TRUE,0,(E41+F41+G41+H41+I41)*0.12+(J41+K41)*0.2) -> 84.71 | M41: =IF(D41=TRUE,"W",IF(L41>=89.4,"A+",IF(L41>=84.4,"A",IF(L41>=79.4,"A-",IF(L41>=76.4,"B+",IF(L41>=72.4,"B",IF(L41>=69.4,"B-",IF(L41>=66.4,"C+",IF(L41>=62.4,"C",IF(L41>=59.4,"C-",IF(L41>=49.4,"D",IF(L41>0,"E",IF(L41<=0,"X",""))))))))))))) -> A
A42: 翁晨凱 | B42: 電子碩 / IEE | C42: 314510131 | D42: FALSE | E42: ='Lab01'!K82 -> 91 | F42: ='Lab02'!K82 -> 80.75 | G42: ='Lab03'!U83 -> 86 | H42: ='Lab04'!S83 -> 90 | I42: ='Lab05'!P83 -> 89 | J42: ='Final Exam'!W83 -> 72.5 | K42: ='Final Project'!H82 -> 88.5 | L42: =IF(D42=TRUE,0,(E42+F42+G42+H42+I42)*0.12+(J42+K42)*0.2) -> 84.61 | M42: =IF(D42=TRUE,"W",IF(L42>=89.4,"A+",IF(L42>=84.4,"A",IF(L42>=79.4,"A-",IF(L42>=76.4,"B+",IF(L42>=72.4,"B",IF(L42>=69.4,"B-",IF(L42>=66.4,"C+",IF(L42>=62.4,"C",IF(L42>=59.4,"C-",IF(L42>=49.4,"D",IF(L42>0,"E",IF(L42<=0,"X",""))))))))))))) -> A
A43: 馬克俊 | B43: 電子碩 / IEE | C43: 314510022 | D43: FALSE | E43: ='Lab01'!K68 -> 82 | F43: ='Lab02'!K68 -> 74.75 | G43: ='Lab03'!U69 -> 76 | H43: ='Lab04'!S69 -> 92 | I43: ='Lab05'!P69 -> 82.25 | J43: ='Final Exam'!W69 -> 82 | K43: ='Final Project'!H68 -> 96.5 | L43: =IF(D43=TRUE,0,(E43+F43+G43+H43+I43)*0.12+(J43+K43)*0.2) -> 84.54 | M43: =IF(D43=TRUE,"W",IF(L43>=89.4,"A+",IF(L43>=84.4,"A",IF(L43>=79.4,"A-",IF(L43>=76.4,"B+",IF(L43>=72.4,"B",IF(L43>=69.4,"B-",IF(L43>=66.4,"C+",IF(L43>=62.4,"C",IF(L43>=59.4,"C-",IF(L43>=49.4,"D",IF(L43>0,"E",IF(L43<=0,"X",""))))))))))))) -> A
A44: 邱仕逸 | B44: 電控碩 / ICN | C44: 314512025 | D44: FALSE | E44: ='Lab01'!K115 -> 84 | F44: ='Lab02'!K115 -> 90.25 | G44: ='Lab03'!U116 -> 89 | H44: ='Lab04'!S116 -> 81 | I44: ='Lab05'!P116 -> 73.75 | J44: ='Final Exam'!W116 -> 75.5 | K44: ='Final Project'!H115 -> 96.3 | L44: =IF(D44=TRUE,0,(E44+F44+G44+H44+I44)*0.12+(J44+K44)*0.2) -> 84.52 | M44: =IF(D44=TRUE,"W",IF(L44>=89.4,"A+",IF(L44>=84.4,"A",IF(L44>=79.4,"A-",IF(L44>=76.4,"B+",IF(L44>=72.4,"B",IF(L44>=69.4,"B-",IF(L44>=66.4,"C+",IF(L44>=62.4,"C",IF(L44>=59.4,"C-",IF(L44>=49.4,"D",IF(L44>0,"E",IF(L44<=0,"X",""))))))))))))) -> A
A45: 林子恩 | B45: 電子碩 / IEE | C45: 314510157 | D45: FALSE | E45: ='Lab01'!K90 -> 94 | F45: ='Lab02'!K90 -> 91.25 | G45: ='Lab03'!U91 -> 87 | H45: ='Lab04'!S91 -> 78 | I45: ='Lab05'!P91 -> 80 | J45: ='Final Exam'!W91 -> 74.5 | K45: ='Final Project'!H90 -> 89.7 | L45: =IF(D45=TRUE,0,(E45+F45+G45+H45+I45)*0.12+(J45+K45)*0.2) -> 84.47 | M45: =IF(D45=TRUE,"W",IF(L45>=89.4,"A+",IF(L45>=84.4,"A",IF(L45>=79.4,"A-",IF(L45>=76.4,"B+",IF(L45>=72.4,"B",IF(L45>=69.4,"B-",IF(L45>=66.4,"C+",IF(L45>=62.4,"C",IF(L45>=59.4,"C-",IF(L45>=49.4,"D",IF(L45>0,"E",IF(L45<=0,"X",""))))))))))))) -> A
A46: 陳奕廷 | B46: 電機系 / UEE | C46: 111511308 | D46: FALSE | E46: ='Lab01'!K27 -> 95 | F46: ='Lab02'!K27 -> 71.75 | G46: ='Lab03'!U28 -> 74 | H46: ='Lab04'!S28 -> 88 | I46: ='Lab05'!P28 -> 83.25 | J46: ='Final Exam'!W28 -> 79.5 | K46: ='Final Project'!H27 -> 95.3 | L46: =IF(D46=TRUE,0,(E46+F46+G46+H46+I46)*0.12+(J46+K46)*0.2) -> 84.4 | M46: =IF(D46=TRUE,"W",IF(L46>=89.4,"A+",IF(L46>=84.4,"A",IF(L46>=79.4,"A-",IF(L46>=76.4,"B+",IF(L46>=72.4,"B",IF(L46>=69.4,"B-",IF(L46>=66.4,"C+",IF(L46>=62.4,"C",IF(L46>=59.4,"C-",IF(L46>=49.4,"D",IF(L46>0,"E",IF(L46<=0,"X",""))))))))))))) -> A
A47: 陳冠辰 | B47: 電子碩 / IEE | C47: 313510237 | D47: FALSE | E47: ='Lab01'!K56 -> 94 | F47: ='Lab02'!K56 -> 92.5 | G47: ='Lab03'!U57 -> 85 | H47: ='Lab04'!S57 -> 78 | I47: ='Lab05'!P57 -> 89 | J47: ='Final Exam'!W57 -> 73.5 | K47: ='Final Project'!H56 -> 84.6 | L47: =IF(D47=TRUE,0,(E47+F47+G47+H47+I47)*0.12+(J47+K47)*0.2) -> 84.24 | M47: =IF(D47=TRUE,"W",IF(L47>=89.4,"A+",IF(L47>=84.4,"A",IF(L47>=79.4,"A-",IF(L47>=76.4,"B+",IF(L47>=72.4,"B",IF(L47>=69.4,"B-",IF(L47>=66.4,"C+",IF(L47>=62.4,"C",IF(L47>=59.4,"C-",IF(L47>=49.4,"D",IF(L47>0,"E",IF(L47<=0,"X",""))))))))))))) -> A-
A48: 林孟璇 | B48: 清華研 | C48: a141134 | D48: FALSE | E48: ='Lab01'!K129 -> 85 | F48: ='Lab02'!K129 -> 87.25 | G48: ='Lab03'!U130 -> 95 | H48: ='Lab04'!S130 -> 88 | I48: ='Lab05'!P130 -> 84.75 | J48: ='Final Exam'!W130 -> 63 | K48: ='Final Project'!H129 -> 92.6 | L48: =IF(D48=TRUE,0,(E48+F48+G48+H48+I48)*0.12+(J48+K48)*0.2) -> 83.92 | M48: =IF(D48=TRUE,"W",IF(L48>=89.4,"A+",IF(L48>=84.4,"A",IF(L48>=79.4,"A-",IF(L48>=76.4,"B+",IF(L48>=72.4,"B",IF(L48>=69.4,"B-",IF(L48>=66.4,"C+",IF(L48>=62.4,"C",IF(L48>=59.4,"C-",IF(L48>=49.4,"D",IF(L48>0,"E",IF(L48<=0,"X",""))))))))))))) -> A-
A49: 張皓庭 | B49: 電子碩 / IEE | C49: 313510234 | D49: FALSE | E49: ='Lab01'!K55 -> 83 | F49: ='Lab02'!K55 -> 89.75 | G49: ='Lab03'!U56 -> 91 | H49: ='Lab04'!S56 -> 84 | I49: ='Lab05'!P56 -> 86.75 | J49: ='Final Exam'!W56 -> 65.5 | K49: ='Final Project'!H55 -> 93.3 | L49: =IF(D49=TRUE,0,(E49+F49+G49+H49+I49)*0.12+(J49+K49)*0.2) -> 83.9 | M49: =IF(D49=TRUE,"W",IF(L49>=89.4,"A+",IF(L49>=84.4,"A",IF(L49>=79.4,"A-",IF(L49>=76.4,"B+",IF(L49>=72.4,"B",IF(L49>=69.4,"B-",IF(L49>=66.4,"C+",IF(L49>=62.4,"C",IF(L49>=59.4,"C-",IF(L49>=49.4,"D",IF(L49>0,"E",IF(L49<=0,"X",""))))))))))))) -> A-
A50: 林文遠 | B50: 電機系 / UEE | C50: 111511208 | D50: FALSE | E50: ='Lab01'!K16 -> 85 | F50: ='Lab02'!K16 -> 78.5 | G50: ='Lab03'!U17 -> 92 | H50: ='Lab04'!S17 -> 90 | I50: ='Lab05'!P17 -> 76.25 | J50: ='Final Exam'!W17 -> 76 | K50: ='Final Project'!H16 -> 90 | L50: =IF(D50=TRUE,0,(E50+F50+G50+H50+I50)*0.12+(J50+K50)*0.2) -> 83.81 | M50: =IF(D50=TRUE,"W",IF(L50>=89.4,"A+",IF(L50>=84.4,"A",IF(L50>=79.4,"A-",IF(L50>=76.4,"B+",IF(L50>=72.4,"B",IF(L50>=69.4,"B-",IF(L50>=66.4,"C+",IF(L50>=62.4,"C",IF(L50>=59.4,"C-",IF(L50>=49.4,"D",IF(L50>0,"E",IF(L50<=0,"X",""))))))))))))) -> A-
A51: 李佑庭 | B51: 機器人碩士 / ROB | C51: 314605003 | D51: FALSE | E51: ='Lab01'!K124 -> 84 | F51: ='Lab02'!K124 -> 93 | G51: ='Lab03'!U125 -> 86 | H51: ='Lab04'!S125 -> 81 | I51: ='Lab05'!P125 -> 74.75 | J51: ='Final Exam'!W125 -> 80 | K51: ='Final Project'!H124 -> 87.4 | L51: =IF(D51=TRUE,0,(E51+F51+G51+H51+I51)*0.12+(J51+K51)*0.2) -> 83.73 | M51: =IF(D51=TRUE,"W",IF(L51>=89.4,"A+",IF(L51>=84.4,"A",IF(L51>=79.4,"A-",IF(L51>=76.4,"B+",IF(L51>=72.4,"B",IF(L51>=69.4,"B-",IF(L51>=66.4,"C+",IF(L51>=62.4,"C",IF(L51>=59.4,"C-",IF(L51>=49.4,"D",IF(L51>0,"E",IF(L51<=0,"X",""))))))))))))) -> A-
A52: 胡芮墉 | B52: 電機碩 / GEE | C52: 312580041 | D52: FALSE | E52: ='Lab01'!K39 -> 88 | F52: ='Lab02'!K39 -> 81 | G52: ='Lab03'!U40 -> 91 | H52: ='Lab04'!S40 -> 92 | I52: ='Lab05'!P40 -> 72.5 | J52: ='Final Exam'!W40 -> 72.5 | K52: ='Final Project'!H39 -> 90.7 | L52: =IF(D52=TRUE,0,(E52+F52+G52+H52+I52)*0.12+(J52+K52)*0.2) -> 83.58 | M52: =IF(D52=TRUE,"W",IF(L52>=89.4,"A+",IF(L52>=84.4,"A",IF(L52>=79.4,"A-",IF(L52>=76.4,"B+",IF(L52>=72.4,"B",IF(L52>=69.4,"B-",IF(L52>=66.4,"C+",IF(L52>=62.4,"C",IF(L52>=59.4,"C-",IF(L52>=49.4,"D",IF(L52>0,"E",IF(L52<=0,"X",""))))))))))))) -> A-
A53: 胡睿庭 | B53: 電子碩 / IEE | C53: 313510172 | D53: FALSE | E53: ='Lab01'!K47 -> 91 | F53: ='Lab02'!K47 -> 79.25 | G53: ='Lab03'!U48 -> 90 | H53: ='Lab04'!S48 -> 89 | I53: ='Lab05'!P48 -> 82.75 | J53: ='Final Exam'!W48 -> 75 | K53: ='Final Project'!H47 -> 83.4 | L53: =IF(D53=TRUE,0,(E53+F53+G53+H53+I53)*0.12+(J53+K53)*0.2) -> 83.52 | M53: =IF(D53=TRUE,"W",IF(L53>=89.4,"A+",IF(L53>=84.4,"A",IF(L53>=79.4,"A-",IF(L53>=76.4,"B+",IF(L53>=72.4,"B",IF(L53>=69.4,"B-",IF(L53>=66.4,"C+",IF(L53>=62.4,"C",IF(L53>=59.4,"C-",IF(L53>=49.4,"D",IF(L53>0,"E",IF(L53<=0,"X",""))))))))))))) -> A-
A54: 施雨靈 | B54: 電子碩 / IEE | C54: 313510001 | D54: FALSE | E54: ='Lab01'!K43 -> 92 | F54: ='Lab02'!K43 -> 74.25 | G54: ='Lab03'!U44 -> 90 | H54: ='Lab04'!S44 -> 93 | I54: ='Lab05'!P44 -> 74 | J54: ='Final Exam'!W44 -> 72.5 | K54: ='Final Project'!H43 -> 88.6 | L54: =IF(D54=TRUE,0,(E54+F54+G54+H54+I54)*0.12+(J54+K54)*0.2) -> 83.01 | M54: =IF(D54=TRUE,"W",IF(L54>=89.4,"A+",IF(L54>=84.4,"A",IF(L54>=79.4,"A-",IF(L54>=76.4,"B+",IF(L54>=72.4,"B",IF(L54>=69.4,"B-",IF(L54>=66.4,"C+",IF(L54>=62.4,"C",IF(L54>=59.4,"C-",IF(L54>=49.4,"D",IF(L54>0,"E",IF(L54<=0,"X",""))))))))))))) -> A-
A55: 鄭宇廷 | B55: 電子碩 / IEE | C55: 314510186 | D55: FALSE | E55: ='Lab01'!K94 -> 91 | F55: ='Lab02'!K94 -> 86.5 | G55: ='Lab03'!U95 -> 80 | H55: ='Lab04'!S95 -> 91 | I55: ='Lab05'!P95 -> 89.75 | J55: ='Final Exam'!W95 -> 64 | K55: ='Final Project'!H94 -> 88.1 | L55: =IF(D55=TRUE,0,(E55+F55+G55+H55+I55)*0.12+(J55+K55)*0.2) -> 83.01 | M55: =IF(D55=TRUE,"W",IF(L55>=89.4,"A+",IF(L55>=84.4,"A",IF(L55>=79.4,"A-",IF(L55>=76.4,"B+",IF(L55>=72.4,"B",IF(L55>=69.4,"B-",IF(L55>=66.4,"C+",IF(L55>=62.4,"C",IF(L55>=59.4,"C-",IF(L55>=49.4,"D",IF(L55>0,"E",IF(L55<=0,"X",""))))))))))))) -> A-
A56: 陳威仁 | B56: 電機碩 / GEE | C56: 314511038 | D56: FALSE | E56: ='Lab01'!K112 -> 90 | F56: ='Lab02'!K112 -> 93 | G56: ='Lab03'!U113 -> 78 | H56: ='Lab04'!S113 -> 80 | I56: ='Lab05'!P113 -> 97.25 | J56: ='Final Exam'!W113 -> 64 | K56: ='Final Project'!H112 -> 88.1 | L56: =IF(D56=TRUE,0,(E56+F56+G56+H56+I56)*0.12+(J56+K56)*0.2) -> 83.01 | M56: =IF(D56=TRUE,"W",IF(L56>=89.4,"A+",IF(L56>=84.4,"A",IF(L56>=79.4,"A-",IF(L56>=76.4,"B+",IF(L56>=72.4,"B",IF(L56>=69.4,"B-",IF(L56>=66.4,"C+",IF(L56>=62.4,"C",IF(L56>=59.4,"C-",IF(L56>=49.4,"D",IF(L56>0,"E",IF(L56<=0,"X",""))))))))))))) -> A-
A57: 蔡翔閔 | B57: 電子碩 / IEE | C57: 314510103 | D57: FALSE | E57: ='Lab01'!K76 -> 86 | F57: ='Lab02'!K76 -> 85 | G57: ='Lab03'!U77 -> 78 | H57: ='Lab04'!S77 -> 71 | I57: ='Lab05'!P77 -> 76 | J57: ='Final Exam'!W77 -> 83.5 | K57: ='Final Project'!H76 -> 93.2 | L57: =IF(D57=TRUE,0,(E57+F57+G57+H57+I57)*0.12+(J57+K57)*0.2) -> 82.86 | M57: =IF(D57=TRUE,"W",IF(L57>=89.4,"A+",IF(L57>=84.4,"A",IF(L57>=79.4,"A-",IF(L57>=76.4,"B+",IF(L57>=72.4,"B",IF(L57>=69.4,"B-",IF(L57>=66.4,"C+",IF(L57>=62.4,"C",IF(L57>=59.4,"C-",IF(L57>=49.4,"D",IF(L57>0,"E",IF(L57<=0,"X",""))))))))))))) -> A-
A58: 趙品倫 | B58: 電子碩 / IEE | C58: 314510214 | D58: FALSE | E58: ='Lab01'!K104 -> 84 | F58: ='Lab02'!K104 -> 86.25 | G58: ='Lab03'!U105 -> 84 | H58: ='Lab04'!S105 -> 82 | I58: ='Lab05'!P105 -> 82 | J58: ='Final Exam'!W105 -> 71.5 | K58: ='Final Project'!H104 -> 90.4 | L58: =IF(D58=TRUE,0,(E58+F58+G58+H58+I58)*0.12+(J58+K58)*0.2) -> 82.57 | M58: =IF(D58=TRUE,"W",IF(L58>=89.4,"A+",IF(L58>=84.4,"A",IF(L58>=79.4,"A-",IF(L58>=76.4,"B+",IF(L58>=72.4,"B",IF(L58>=69.4,"B-",IF(L58>=66.4,"C+",IF(L58>=62.4,"C",IF(L58>=59.4,"C-",IF(L58>=49.4,"D",IF(L58>0,"E",IF(L58<=0,"X",""))))))))))))) -> A-
A59: 余唯愷 | B59: 電子博 / IEE | C59: 312580021 | D59: FALSE | E59: ='Lab01'!K38 -> 92 | F59: ='Lab02'!K38 -> 93.5 | G59: ='Lab03'!U39 -> 88 | H59: ='Lab04'!S39 -> 87 | I59: ='Lab05'!P39 -> 78.75 | J59: ='Final Exam'!W39 -> 59.5 | K59: ='Final Project'!H38 -> 88.6 | L59: =IF(D59=TRUE,0,(E59+F59+G59+H59+I59)*0.12+(J59+K59)*0.2) -> 82.33 | M59: =IF(D59=TRUE,"W",IF(L59>=89.4,"A+",IF(L59>=84.4,"A",IF(L59>=79.4,"A-",IF(L59>=76.4,"B+",IF(L59>=72.4,"B",IF(L59>=69.4,"B-",IF(L59>=66.4,"C+",IF(L59>=62.4,"C",IF(L59>=59.4,"C-",IF(L59>=49.4,"D",IF(L59>0,"E",IF(L59<=0,"X",""))))))))))))) -> A-
A60: 林柏言 | B60: 電控碩 / ICN | C60: 313512061 | D60: FALSE | E60: ='Lab01'!K59 -> 88 | F60: ='Lab02'!K59 -> 89 | G60: ='Lab03'!U60 -> 80 | H60: ='Lab04'!S60 -> 84 | I60: ='Lab05'!P60 -> 85.5 | J60: ='Final Exam'!W60 -> 60 | K60: ='Final Project'!H59 -> 95 | L60: =IF(D60=TRUE,0,(E60+F60+G60+H60+I60)*0.12+(J60+K60)*0.2) -> 82.18 | M60: =IF(D60=TRUE,"W",IF(L60>=89.4,"A+",IF(L60>=84.4,"A",IF(L60>=79.4,"A-",IF(L60>=76.4,"B+",IF(L60>=72.4,"B",IF(L60>=69.4,"B-",IF(L60>=66.4,"C+",IF(L60>=62.4,"C",IF(L60>=59.4,"C-",IF(L60>=49.4,"D",IF(L60>0,"E",IF(L60<=0,"X",""))))))))))))) -> A-
A61: 陳垣皓 | B61: 人工智慧 / AIG | C61: 314505008 | D61: FALSE | E61: ='Lab01'!K66 -> 88 | F61: ='Lab02'!K66 -> 86.25 | G61: ='Lab03'!U67 -> 78 | H61: ='Lab04'!S67 -> 89 | I61: ='Lab05'!P67 -> 77.75 | J61: ='Final Exam'!W67 -> 73.5 | K61: ='Final Project'!H66 -> 85.3 | L61: =IF(D61=TRUE,0,(E61+F61+G61+H61+I61)*0.12+(J61+K61)*0.2) -> 82.04 | M61: =IF(D61=TRUE,"W",IF(L61>=89.4,"A+",IF(L61>=84.4,"A",IF(L61>=79.4,"A-",IF(L61>=76.4,"B+",IF(L61>=72.4,"B",IF(L61>=69.4,"B-",IF(L61>=66.4,"C+",IF(L61>=62.4,"C",IF(L61>=59.4,"C-",IF(L61>=49.4,"D",IF(L61>0,"E",IF(L61<=0,"X",""))))))))))))) -> A-
A62: 郭育綸 | B62: 電子碩 / IEE | C62: 314510114 | D62: FALSE | E62: ='Lab01'!K77 -> 87 | F62: ='Lab02'!K77 -> 92 | G62: ='Lab03'!U78 -> 81 | H62: ='Lab04'!S78 -> 78 | I62: ='Lab05'!P78 -> 83.25 | J62: ='Final Exam'!W78 -> 69.5 | K62: ='Final Project'!H77 -> 87.8 | L62: =IF(D62=TRUE,0,(E62+F62+G62+H62+I62)*0.12+(J62+K62)*0.2) -> 82.01 | M62: =IF(D62=TRUE,"W",IF(L62>=89.4,"A+",IF(L62>=84.4,"A",IF(L62>=79.4,"A-",IF(L62>=76.4,"B+",IF(L62>=72.4,"B",IF(L62>=69.4,"B-",IF(L62>=66.4,"C+",IF(L62>=62.4,"C",IF(L62>=59.4,"C-",IF(L62>=49.4,"D",IF(L62>0,"E",IF(L62<=0,"X",""))))))))))))) -> A-
A63: 傅苙銨 | B63: 電子碩 / IEE | C63: 314510218 | D63: FALSE | E63: ='Lab01'!K105 -> 89 | F63: ='Lab02'!K105 -> 86 | G63: ='Lab03'!U106 -> 86 | H63: ='Lab04'!S106 -> 85 | I63: ='Lab05'!P106 -> 74.25 | J63: ='Final Exam'!W106 -> 65 | K63: ='Final Project'!H105 -> 92.6 | L63: =IF(D63=TRUE,0,(E63+F63+G63+H63+I63)*0.12+(J63+K63)*0.2) -> 81.95 | M63: =IF(D63=TRUE,"W",IF(L63>=89.4,"A+",IF(L63>=84.4,"A",IF(L63>=79.4,"A-",IF(L63>=76.4,"B+",IF(L63>=72.4,"B",IF(L63>=69.4,"B-",IF(L63>=66.4,"C+",IF(L63>=62.4,"C",IF(L63>=59.4,"C-",IF(L63>=49.4,"D",IF(L63>0,"E",IF(L63<=0,"X",""))))))))))))) -> A-
A64: 褚柏均 | B64: 智能系統 / AI System | C64: 314581044 | D64: FALSE | E64: ='Lab01'!K122 -> 84 | F64: ='Lab02'!K122 -> 85.5 | G64: ='Lab03'!U123 -> 76 | H64: ='Lab04'!S123 -> 94 | I64: ='Lab05'!P123 -> 94.5 | J64: ='Final Exam'!W123 -> 55.5 | K64: ='Final Project'!H122 -> 93.7 | L64: =IF(D64=TRUE,0,(E64+F64+G64+H64+I64)*0.12+(J64+K64)*0.2) -> 81.92 | M64: =IF(D64=TRUE,"W",IF(L64>=89.4,"A+",IF(L64>=84.4,"A",IF(L64>=79.4,"A-",IF(L64>=76.4,"B+",IF(L64>=72.4,"B",IF(L64>=69.4,"B-",IF(L64>=66.4,"C+",IF(L64>=62.4,"C",IF(L64>=59.4,"C-",IF(L64>=49.4,"D",IF(L64>0,"E",IF(L64<=0,"X",""))))))))))))) -> A-
A65: 王子嘉 | B65: 電子碩 / IEE | C65: 314510153 | D65: FALSE | E65: ='Lab01'!K89 -> 88 | F65: ='Lab02'!K89 -> 70.5 | G65: ='Lab03'!U90 -> 82 | H65: ='Lab04'!S90 -> 81 | I65: ='Lab05'!P90 -> 76.5 | J65: ='Final Exam'!W90 -> 74.5 | K65: ='Final Project'!H89 -> 95.7 | L65: =IF(D65=TRUE,0,(E65+F65+G65+H65+I65)*0.12+(J65+K65)*0.2) -> 81.8 | M65: =IF(D65=TRUE,"W",IF(L65>=89.4,"A+",IF(L65>=84.4,"A",IF(L65>=79.4,"A-",IF(L65>=76.4,"B+",IF(L65>=72.4,"B",IF(L65>=69.4,"B-",IF(L65>=66.4,"C+",IF(L65>=62.4,"C",IF(L65>=59.4,"C-",IF(L65>=49.4,"D",IF(L65>0,"E",IF(L65<=0,"X",""))))))))))))) -> A-
A66: 阮楷勳 | B66: 電子碩 / IEE | C66: 313510244 | D66: FALSE | E66: ='Lab01'!K57 -> 94 | F66: ='Lab02'!K57 -> 85 | G66: ='Lab03'!U58 -> 80 | H66: ='Lab04'!S58 -> 82 | I66: ='Lab05'!P58 -> 78.25 | J66: ='Final Exam'!W58 -> 61.5 | K66: ='Final Project'!H57 -> 95.7 | L66: =IF(D66=TRUE,0,(E66+F66+G66+H66+I66)*0.12+(J66+K66)*0.2) -> 81.75 | M66: =IF(D66=TRUE,"W",IF(L66>=89.4,"A+",IF(L66>=84.4,"A",IF(L66>=79.4,"A-",IF(L66>=76.4,"B+",IF(L66>=72.4,"B",IF(L66>=69.4,"B-",IF(L66>=66.4,"C+",IF(L66>=62.4,"C",IF(L66>=59.4,"C-",IF(L66>=49.4,"D",IF(L66>0,"E",IF(L66<=0,"X",""))))))))))))) -> A-
A67: 陳禹丞 | B67: 電機系 / UEE | C67: 111511099 | D67: FALSE | E67: ='Lab01'!K12 -> 92 | F67: ='Lab02'!K12 -> 55.25 | G67: ='Lab03'!U13 -> 87 | H67: ='Lab04'!S13 -> 90 | I67: ='Lab05'!P13 -> 85.75 | J67: ='Final Exam'!W13 -> 64 | K67: ='Final Project'!H12 -> 98 | L67: =IF(D67=TRUE,0,(E67+F67+G67+H67+I67)*0.12+(J67+K67)*0.2) -> 81.6 | M67: =IF(D67=TRUE,"W",IF(L67>=89.4,"A+",IF(L67>=84.4,"A",IF(L67>=79.4,"A-",IF(L67>=76.4,"B+",IF(L67>=72.4,"B",IF(L67>=69.4,"B-",IF(L67>=66.4,"C+",IF(L67>=62.4,"C",IF(L67>=59.4,"C-",IF(L67>=49.4,"D",IF(L67>0,"E",IF(L67<=0,"X",""))))))))))))) -> A-
D68: =COUNTIF(D1:D67,FALSE) -> 66 | E68: =AVERAGEIF(E1:E67,"<>0") -> 90.863636 | F68: =AVERAGEIF(F1:F67,"<>0") -> 86.905303 | G68: =AVERAGEIF(G1:G67,"<>0") -> 87.590909 | H68: =AVERAGEIF(H1:H67,"<>0") -> 87.636364 | I68: =AVERAGEIF(I1:I67,"<>0") -> 85.503788 | J68: ='Final Exam'!W132 -> 68.221488 | K68: ='Final Project'!H131 -> 91.663636 | L68: =AVERAGEIF(L1:L67,"<>0") -> 85.989394 | M68: =IF(D68=TRUE,"W",IF(L68>=89.4,"A+",IF(L68>=84.4,"A",IF(L68>=79.4,"A-",IF(L68>=76.4,"B+",IF(L68>=72.4,"B",IF(L68>=69.4,"B-",IF(L68>=66.4,"C+",IF(L68>=62.4,"C",IF(L68>=59.4,"C-",IF(L68>=49.4,"D",IF(L68>0,"E",IF(L68<=0,"X",""))))))))))))) -> A
A69: 林槿茹 | B69: 電子碩 / IEE | C69: 313510178 | D69: FALSE | E69: ='Lab01'!K48 -> 86 | F69: ='Lab02'!K48 -> 82 | G69: ='Lab03'!U49 -> 85 | H69: ='Lab04'!S49 -> 90 | I69: ='Lab05'!P49 -> 92.25 | J69: ='Final Exam'!W49 -> 60 | K69: ='Final Project'!H48 -> 86.7 | L69: =IF(D69=TRUE,0,(E69+F69+G69+H69+I69)*0.12+(J69+K69)*0.2) -> 81.57 | M69: =IF(D69=TRUE,"W",IF(L69>=89.4,"A+",IF(L69>=84.4,"A",IF(L69>=79.4,"A-",IF(L69>=76.4,"B+",IF(L69>=72.4,"B",IF(L69>=69.4,"B-",IF(L69>=66.4,"C+",IF(L69>=62.4,"C",IF(L69>=59.4,"C-",IF(L69>=49.4,"D",IF(L69>0,"E",IF(L69<=0,"X",""))))))))))))) -> A-
A70: 唐以理 | B70: 電機系 / UEE | C70: 111511307 | D70: FALSE | E70: ='Lab01'!K26 -> 77 | F70: ='Lab02'!K26 -> 90 | G70: ='Lab03'!U27 -> 77 | H70: ='Lab04'!S27 -> 89 | I70: ='Lab05'!P27 -> 74.5 | J70: ='Final Exam'!W27 -> 73.5 | K70: ='Final Project'!H26 -> 89.7 | L70: =IF(D70=TRUE,0,(E70+F70+G70+H70+I70)*0.12+(J70+K70)*0.2) -> 81.54 | M70: =IF(D70=TRUE,"W",IF(L70>=89.4,"A+",IF(L70>=84.4,"A",IF(L70>=79.4,"A-",IF(L70>=76.4,"B+",IF(L70>=72.4,"B",IF(L70>=69.4,"B-",IF(L70>=66.4,"C+",IF(L70>=62.4,"C",IF(L70>=59.4,"C-",IF(L70>=49.4,"D",IF(L70>0,"E",IF(L70<=0,"X",""))))))))))))) -> A-
A71: 陳郡佑 | B71: 電機系 / UEE | C71: 111511158 | D71: FALSE | E71: ='Lab01'!K13 -> 86 | F71: ='Lab02'!K13 -> 86.5 | G71: ='Lab03'!U14 -> 85 | H71: ='Lab04'!S14 -> 81 | I71: ='Lab05'!P14 -> 75.5 | J71: ='Final Exam'!W14 -> 61 | K71: ='Final Project'!H13 -> 97.2 | L71: =IF(D71=TRUE,0,(E71+F71+G71+H71+I71)*0.12+(J71+K71)*0.2) -> 81.32 | M71: =IF(D71=TRUE,"W",IF(L71>=89.4,"A+",IF(L71>=84.4,"A",IF(L71>=79.4,"A-",IF(L71>=76.4,"B+",IF(L71>=72.4,"B",IF(L71>=69.4,"B-",IF(L71>=66.4,"C+",IF(L71>=62.4,"C",IF(L71>=59.4,"C-",IF(L71>=49.4,"D",IF(L71>0,"E",IF(L71<=0,"X",""))))))))))))) -> A-
A72: 謝歷恩 | B72: 電機系 / UEE | C72: 111651009 | D72: FALSE | E72: ='Lab01'!K30 -> 87 | F72: ='Lab02'!K30 -> 83.25 | G72: ='Lab03'!U31 -> 95 | H72: ='Lab04'!S31 -> 86 | I72: ='Lab05'!P31 -> 70.25 | J72: ='Final Exam'!W31 -> 63.5 | K72: ='Final Project'!H30 -> 90 | L72: =IF(D72=TRUE,0,(E72+F72+G72+H72+I72)*0.12+(J72+K72)*0.2) -> 81.28 | M72: =IF(D72=TRUE,"W",IF(L72>=89.4,"A+",IF(L72>=84.4,"A",IF(L72>=79.4,"A-",IF(L72>=76.4,"B+",IF(L72>=72.4,"B",IF(L72>=69.4,"B-",IF(L72>=66.4,"C+",IF(L72>=62.4,"C",IF(L72>=59.4,"C-",IF(L72>=49.4,"D",IF(L72>0,"E",IF(L72<=0,"X",""))))))))))))) -> A-
A73: 林守凡 | B73: 電機系 / UEE | C73: 111511095 | D73: FALSE | E73: ='Lab01'!K11 -> 85 | F73: ='Lab02'!K11 -> 88 | G73: ='Lab03'!U12 -> 78 | H73: ='Lab04'!S12 -> 77 | I73: ='Lab05'!P12 -> 76 | J73: ='Final Exam'!W12 -> 73.5 | K73: ='Final Project'!H11 -> 90.2 | L73: =IF(D73=TRUE,0,(E73+F73+G73+H73+I73)*0.12+(J73+K73)*0.2) -> 81.22 | M73: =IF(D73=TRUE,"W",IF(L73>=89.4,"A+",IF(L73>=84.4,"A",IF(L73>=79.4,"A-",IF(L73>=76.4,"B+",IF(L73>=72.4,"B",IF(L73>=69.4,"B-",IF(L73>=66.4,"C+",IF(L73>=62.4,"C",IF(L73>=59.4,"C-",IF(L73>=49.4,"D",IF(L73>0,"E",IF(L73<=0,"X",""))))))))))))) -> A-
A74: 陳楷棋 | B74: 電子碩 / IEE | C74: 313510134 | D74: FALSE | E74: ='Lab01'!K44 -> 92 | F74: ='Lab02'!K44 -> 80.75 | G74: ='Lab03'!U45 -> 80 | H74: ='Lab04'!S45 -> 84 | I74: ='Lab05'!P45 -> 89.5 | J74: ='Final Exam'!W45 -> 56.5 | K74: ='Final Project'!H44 -> 92.5 | L74: =IF(D74=TRUE,0,(E74+F74+G74+H74+I74)*0.12+(J74+K74)*0.2) -> 80.95 | M74: =IF(D74=TRUE,"W",IF(L74>=89.4,"A+",IF(L74>=84.4,"A",IF(L74>=79.4,"A-",IF(L74>=76.4,"B+",IF(L74>=72.4,"B",IF(L74>=69.4,"B-",IF(L74>=66.4,"C+",IF(L74>=62.4,"C",IF(L74>=59.4,"C-",IF(L74>=49.4,"D",IF(L74>0,"E",IF(L74<=0,"X",""))))))))))))) -> A-
A75: 徐立人 | B75: 電子碩 / IEE | C75: 314510130 | D75: FALSE | E75: ='Lab01'!K81 -> 80 | F75: ='Lab02'!K81 -> 83.75 | G75: ='Lab03'!U82 -> 85 | H75: ='Lab04'!S82 -> 77 | I75: ='Lab05'!P82 -> 65.5 | J75: ='Final Exam'!W82 -> 80 | K75: ='Final Project'!H81 -> 89.5 | L75: =IF(D75=TRUE,0,(E75+F75+G75+H75+I75)*0.12+(J75+K75)*0.2) -> 80.85 | M75: =IF(D75=TRUE,"W",IF(L75>=89.4,"A+",IF(L75>=84.4,"A",IF(L75>=79.4,"A-",IF(L75>=76.4,"B+",IF(L75>=72.4,"B",IF(L75>=69.4,"B-",IF(L75>=66.4,"C+",IF(L75>=62.4,"C",IF(L75>=59.4,"C-",IF(L75>=49.4,"D",IF(L75>0,"E",IF(L75<=0,"X",""))))))))))))) -> A-
A76: 陳致佑 | B76: 電子碩 / IEE | C76: 314510199 | D76: FALSE | E76: ='Lab01'!K100 -> 85 | F76: ='Lab02'!K100 -> 77.75 | G76: ='Lab03'!U101 -> 76 | H76: ='Lab04'!S101 -> 90 | I76: ='Lab05'!P101 -> 79.5 | J76: ='Final Exam'!W101 -> 74.5 | K76: ='Final Project'!H100 -> 84.6 | L76: =IF(D76=TRUE,0,(E76+F76+G76+H76+I76)*0.12+(J76+K76)*0.2) -> 80.81 | M76: =IF(D76=TRUE,"W",IF(L76>=89.4,"A+",IF(L76>=84.4,"A",IF(L76>=79.4,"A-",IF(L76>=76.4,"B+",IF(L76>=72.4,"B",IF(L76>=69.4,"B-",IF(L76>=66.4,"C+",IF(L76>=62.4,"C",IF(L76>=59.4,"C-",IF(L76>=49.4,"D",IF(L76>0,"E",IF(L76<=0,"X",""))))))))))))) -> A-
A77: 洪偉軒 | B77: 電機系 / UEE | C77: 111511263 | D77: FALSE | E77: ='Lab01'!K23 -> 87 | F77: ='Lab02'!K23 -> 83.25 | G77: ='Lab03'!U24 -> 88 | H77: ='Lab04'!S24 -> 73 | I77: ='Lab05'!P24 -> 68 | J77: ='Final Exam'!W24 -> 70.5 | K77: ='Final Project'!H23 -> 93.3 | L77: =IF(D77=TRUE,0,(E77+F77+G77+H77+I77)*0.12+(J77+K77)*0.2) -> 80.67 | M77: =IF(D77=TRUE,"W",IF(L77>=89.4,"A+",IF(L77>=84.4,"A",IF(L77>=79.4,"A-",IF(L77>=76.4,"B+",IF(L77>=72.4,"B",IF(L77>=69.4,"B-",IF(L77>=66.4,"C+",IF(L77>=62.4,"C",IF(L77>=59.4,"C-",IF(L77>=49.4,"D",IF(L77>0,"E",IF(L77<=0,"X",""))))))))))))) -> A-
A78: 徐衍齊 | B78: 電子碩 / IEE | C78: 314510147 | D78: FALSE | E78: ='Lab01'!K85 -> 85 | F78: ='Lab02'!K85 -> 92.25 | G78: ='Lab03'!U86 -> 77 | H78: ='Lab04'!S86 -> 84 | I78: ='Lab05'!P86 -> 71.5 | J78: ='Final Exam'!W86 -> 69 | K78: ='Final Project'!H85 -> 88.5 | L78: =IF(D78=TRUE,0,(E78+F78+G78+H78+I78)*0.12+(J78+K78)*0.2) -> 80.67 | M78: =IF(D78=TRUE,"W",IF(L78>=89.4,"A+",IF(L78>=84.4,"A",IF(L78>=79.4,"A-",IF(L78>=76.4,"B+",IF(L78>=72.4,"B",IF(L78>=69.4,"B-",IF(L78>=66.4,"C+",IF(L78>=62.4,"C",IF(L78>=59.4,"C-",IF(L78>=49.4,"D",IF(L78>0,"E",IF(L78<=0,"X",""))))))))))))) -> A-
A79: 郭信鋐 | B79: 電子碩 / IEE | C79: 314510072 | D79: FALSE | E79: ='Lab01'!K74 -> 84 | F79: ='Lab02'!K74 -> 67.75 | G79: ='Lab03'!U75 -> 82 | H79: ='Lab04'!S75 -> 90 | I79: ='Lab05'!P75 -> 83.25 | J79: ='Final Exam'!W75 -> 61 | K79: ='Final Project'!H74 -> 98 | L79: =IF(D79=TRUE,0,(E79+F79+G79+H79+I79)*0.12+(J79+K79)*0.2) -> 80.64 | M79: =IF(D79=TRUE,"W",IF(L79>=89.4,"A+",IF(L79>=84.4,"A",IF(L79>=79.4,"A-",IF(L79>=76.4,"B+",IF(L79>=72.4,"B",IF(L79>=69.4,"B-",IF(L79>=66.4,"C+",IF(L79>=62.4,"C",IF(L79>=59.4,"C-",IF(L79>=49.4,"D",IF(L79>0,"E",IF(L79<=0,"X",""))))))))))))) -> A-
A80: 郭弋愷 | B80: 電機系 / UEE | C80: 111511057 | D80: FALSE | E80: ='Lab01'!K8 -> 85 | F80: ='Lab02'!K8 -> 86.75 | G80: ='Lab03'!U9 -> 85 | H80: ='Lab04'!S9 -> 79 | I80: ='Lab05'!P9 -> 69.75 | J80: ='Final Exam'!W9 -> 70 | K80: ='Final Project'!H8 -> 89 | L80: =IF(D80=TRUE,0,(E80+F80+G80+H80+I80)*0.12+(J80+K80)*0.2) -> 80.46 | M80: =IF(D80=TRUE,"W",IF(L80>=89.4,"A+",IF(L80>=84.4,"A",IF(L80>=79.4,"A-",IF(L80>=76.4,"B+",IF(L80>=72.4,"B",IF(L80>=69.4,"B-",IF(L80>=66.4,"C+",IF(L80>=62.4,"C",IF(L80>=59.4,"C-",IF(L80>=49.4,"D",IF(L80>0,"E",IF(L80<=0,"X",""))))))))))))) -> A-
A81: 陳致融 | B81: 電信碩 / ECM | C81: 313513029 | D81: FALSE | E81: ='Lab01'!K60 -> 84 | F81: ='Lab02'!K60 -> 77.5 | G81: ='Lab03'!U61 -> 82 | H81: ='Lab04'!S61 -> 91 | I81: ='Lab05'!P61 -> 69.5 | J81: ='Final Exam'!W61 -> 61 | K81: ='Final Project'!H60 -> 98.7 | L81: =IF(D81=TRUE,0,(E81+F81+G81+H81+I81)*0.12+(J81+K81)*0.2) -> 80.42 | M81: =IF(D81=TRUE,"W",IF(L81>=89.4,"A+",IF(L81>=84.4,"A",IF(L81>=79.4,"A-",IF(L81>=76.4,"B+",IF(L81>=72.4,"B",IF(L81>=69.4,"B-",IF(L81>=66.4,"C+",IF(L81>=62.4,"C",IF(L81>=59.4,"C-",IF(L81>=49.4,"D",IF(L81>0,"E",IF(L81<=0,"X",""))))))))))))) -> A-
A82: 吳瑞宸 | B82: 前瞻半導體 / Pio-SEMI | C82: 313580072 | D82: FALSE | E82: ='Lab01'!K62 -> 87 | F82: ='Lab02'!K62 -> 83.75 | G82: ='Lab03'!U63 -> 80 | H82: ='Lab04'!S63 -> 82 | I82: ='Lab05'!P63 -> 73 | J82: ='Final Exam'!W63 -> 69 | K82: ='Final Project'!H62 -> 88.8 | L82: =IF(D82=TRUE,0,(E82+F82+G82+H82+I82)*0.12+(J82+K82)*0.2) -> 80.25 | M82: =IF(D82=TRUE,"W",IF(L82>=89.4,"A+",IF(L82>=84.4,"A",IF(L82>=79.4,"A-",IF(L82>=76.4,"B+",IF(L82>=72.4,"B",IF(L82>=69.4,"B-",IF(L82>=66.4,"C+",IF(L82>=62.4,"C",IF(L82>=59.4,"C-",IF(L82>=49.4,"D",IF(L82>0,"E",IF(L82<=0,"X",""))))))))))))) -> A-
A83: 梁藍天 | B83: 電子碩 / IEE | C83: 314510192 | D83: FALSE | E83: ='Lab01'!K97 -> 83 | F83: ='Lab02'!K97 -> 66.25 | G83: ='Lab03'!U98 -> 88 | H83: ='Lab04'!S98 -> 81 | I83: ='Lab05'!P98 -> 80.75 | J83: ='Final Exam'!W98 -> 73 | K83: ='Final Project'!H97 -> 88.1 | L83: =IF(D83=TRUE,0,(E83+F83+G83+H83+I83)*0.12+(J83+K83)*0.2) -> 80.1 | M83: =IF(D83=TRUE,"W",IF(L83>=89.4,"A+",IF(L83>=84.4,"A",IF(L83>=79.4,"A-",IF(L83>=76.4,"B+",IF(L83>=72.4,"B",IF(L83>=69.4,"B-",IF(L83>=66.4,"C+",IF(L83>=62.4,"C",IF(L83>=59.4,"C-",IF(L83>=49.4,"D",IF(L83>0,"E",IF(L83<=0,"X",""))))))))))))) -> A-
A84: 邱棋胤 | B84: 電子碩 / IEE | C84: 312510123 | D84: FALSE | E84: ='Lab01'!K36 -> 80 | F84: ='Lab02'!K36 -> 92 | G84: ='Lab03'!U37 -> 90 | H84: ='Lab04'!S37 -> 86 | I84: ='Lab05'!P37 -> 70.5 | J84: ='Final Exam'!W37 -> 60.5 | K84: ='Final Project'!H36 -> 88.8 | L84: =IF(D84=TRUE,0,(E84+F84+G84+H84+I84)*0.12+(J84+K84)*0.2) -> 80.08 | M84: =IF(D84=TRUE,"W",IF(L84>=89.4,"A+",IF(L84>=84.4,"A",IF(L84>=79.4,"A-",IF(L84>=76.4,"B+",IF(L84>=72.4,"B",IF(L84>=69.4,"B-",IF(L84>=66.4,"C+",IF(L84>=62.4,"C",IF(L84>=59.4,"C-",IF(L84>=49.4,"D",IF(L84>0,"E",IF(L84<=0,"X",""))))))))))))) -> A-
A85: 吳彥忞 | B85: 電子碩 / IEE | C85: 313510196 | D85: FALSE | E85: ='Lab01'!K50 -> 85 | F85: ='Lab02'!K50 -> 88.5 | G85: ='Lab03'!U51 -> 78 | H85: ='Lab04'!S51 -> 77 | I85: ='Lab05'!P51 -> 70 | J85: ='Final Exam'!W51 -> 72 | K85: ='Final Project'!H50 -> 88.8 | L85: =IF(D85=TRUE,0,(E85+F85+G85+H85+I85)*0.12+(J85+K85)*0.2) -> 79.98 | M85: =IF(D85=TRUE,"W",IF(L85>=89.4,"A+",IF(L85>=84.4,"A",IF(L85>=79.4,"A-",IF(L85>=76.4,"B+",IF(L85>=72.4,"B",IF(L85>=69.4,"B-",IF(L85>=66.4,"C+",IF(L85>=62.4,"C",IF(L85>=59.4,"C-",IF(L85>=49.4,"D",IF(L85>0,"E",IF(L85<=0,"X",""))))))))))))) -> A-
A86: 黃瑜緹 | B86: 電子碩 / IEE | C86: 314510034 | D86: FALSE | E86: ='Lab01'!K70 -> 88 | F86: ='Lab02'!K70 -> 80.5 | G86: ='Lab03'!U71 -> 78 | H86: ='Lab04'!S71 -> 76 | I86: ='Lab05'!P71 -> 76 | J86: ='Final Exam'!W71 -> 63.5 | K86: ='Final Project'!H70 -> 97.3 | L86: =IF(D86=TRUE,0,(E86+F86+G86+H86+I86)*0.12+(J86+K86)*0.2) -> 79.98 | M86: =IF(D86=TRUE,"W",IF(L86>=89.4,"A+",IF(L86>=84.4,"A",IF(L86>=79.4,"A-",IF(L86>=76.4,"B+",IF(L86>=72.4,"B",IF(L86>=69.4,"B-",IF(L86>=66.4,"C+",IF(L86>=62.4,"C",IF(L86>=59.4,"C-",IF(L86>=49.4,"D",IF(L86>0,"E",IF(L86<=0,"X",""))))))))))))) -> A-
A87: 陳聖諦 | B87: 電子碩 / IEE | C87: 314510225 | D87: FALSE | E87: ='Lab01'!K108 -> 91 | F87: ='Lab02'!K108 -> 56.25 | G87: ='Lab03'!U109 -> 88 | H87: ='Lab04'!S109 -> 86 | I87: ='Lab05'!P109 -> 95 | J87: ='Final Exam'!W109 -> 57 | K87: ='Final Project'!H108 -> 92.3 | L87: =IF(D87=TRUE,0,(E87+F87+G87+H87+I87)*0.12+(J87+K87)*0.2) -> 79.81 | M87: =IF(D87=TRUE,"W",IF(L87>=89.4,"A+",IF(L87>=84.4,"A",IF(L87>=79.4,"A-",IF(L87>=76.4,"B+",IF(L87>=72.4,"B",IF(L87>=69.4,"B-",IF(L87>=66.4,"C+",IF(L87>=62.4,"C",IF(L87>=59.4,"C-",IF(L87>=49.4,"D",IF(L87>0,"E",IF(L87<=0,"X",""))))))))))))) -> A-
A88: 林品勳 | B88: 智能系統 / AI System | C88: 314581011 | D88: FALSE | E88: ='Lab01'!K121 -> 86 | F88: ='Lab02'!K121 -> 92 | G88: ='Lab03'!U122 -> 80 | H88: ='Lab04'!S122 -> 79 | I88: ='Lab05'!P122 -> 66.5 | J88: ='Final Exam'!W122 -> 71.5 | K88: ='Final Project'!H121 -> 85.3 | L88: =IF(D88=TRUE,0,(E88+F88+G88+H88+I88)*0.12+(J88+K88)*0.2) -> 79.78 | M88: =IF(D88=TRUE,"W",IF(L88>=89.4,"A+",IF(L88>=84.4,"A",IF(L88>=79.4,"A-",IF(L88>=76.4,"B+",IF(L88>=72.4,"B",IF(L88>=69.4,"B-",IF(L88>=66.4,"C+",IF(L88>=62.4,"C",IF(L88>=59.4,"C-",IF(L88>=49.4,"D",IF(L88>0,"E",IF(L88<=0,"X",""))))))))))))) -> A-
A89: 黃建廷 | B89: 電機碩 / GEE | C89: 312511041 | D89: FALSE | E89: ='Lab01'!K37 -> 87 | F89: ='Lab02'!K37 -> 88.25 | G89: ='Lab03'!U38 -> 80 | H89: ='Lab04'!S38 -> 84 | I89: ='Lab05'!P38 -> 82.5 | J89: ='Final Exam'!W38 -> 53.5 | K89: ='Final Project'!H37 -> 91.9 | L89: =IF(D89=TRUE,0,(E89+F89+G89+H89+I89)*0.12+(J89+K89)*0.2) -> 79.69 | M89: =IF(D89=TRUE,"W",IF(L89>=89.4,"A+",IF(L89>=84.4,"A",IF(L89>=79.4,"A-",IF(L89>=76.4,"B+",IF(L89>=72.4,"B",IF(L89>=69.4,"B-",IF(L89>=66.4,"C+",IF(L89>=62.4,"C",IF(L89>=59.4,"C-",IF(L89>=49.4,"D",IF(L89>0,"E",IF(L89<=0,"X",""))))))))))))) -> A-
A90: 李佳芯 | B90: 電子碩 / IEE | C90: 314510201 | D90: FALSE | E90: ='Lab01'!K101 -> 88 | F90: ='Lab02'!K101 -> 93.75 | G90: ='Lab03'!U102 -> 82 | H90: ='Lab04'!S102 -> 66 | I90: ='Lab05'!P102 -> 79 | J90: ='Final Exam'!W102 -> 65 | K90: ='Final Project'!H101 -> 88.2 | L90: =IF(D90=TRUE,0,(E90+F90+G90+H90+I90)*0.12+(J90+K90)*0.2) -> 79.69 | M90: =IF(D90=TRUE,"W",IF(L90>=89.4,"A+",IF(L90>=84.4,"A",IF(L90>=79.4,"A-",IF(L90>=76.4,"B+",IF(L90>=72.4,"B",IF(L90>=69.4,"B-",IF(L90>=66.4,"C+",IF(L90>=62.4,"C",IF(L90>=59.4,"C-",IF(L90>=49.4,"D",IF(L90>0,"E",IF(L90<=0,"X",""))))))))))))) -> A-
A91: 施夷光 | B91: 電子碩 / IEE | C91: 314510196 | D91: FALSE | E91: ='Lab01'!K99 -> 86 | F91: ='Lab02'!K99 -> 72.5 | G91: ='Lab03'!U100 -> 86 | H91: ='Lab04'!S100 -> 92 | I91: ='Lab05'!P100 -> 89.25 | J91: ='Final Exam'!W100 -> 52 | K91: ='Final Project'!H99 -> 89.5 | L91: =IF(D91=TRUE,0,(E91+F91+G91+H91+I91)*0.12+(J91+K91)*0.2) -> 79.39 | M91: =IF(D91=TRUE,"W",IF(L91>=89.4,"A+",IF(L91>=84.4,"A",IF(L91>=79.4,"A-",IF(L91>=76.4,"B+",IF(L91>=72.4,"B",IF(L91>=69.4,"B-",IF(L91>=66.4,"C+",IF(L91>=62.4,"C",IF(L91>=59.4,"C-",IF(L91>=49.4,"D",IF(L91>0,"E",IF(L91<=0,"X",""))))))))))))) -> B+
A92: 邱媛婕 | B92: 電子碩 / IEE | C92: 314510028 | D92: FALSE | E92: ='Lab01'!K69 -> 91 | F92: ='Lab02'!K69 -> 79 | G92: ='Lab03'!U70 -> 86 | H92: ='Lab04'!S70 -> 85 | I92: ='Lab05'!P70 -> 76.25 | J92: ='Final Exam'!W70 -> 54.3 | K92: ='Final Project'!H69 -> 89.2 | L92: =IF(D92=TRUE,0,(E92+F92+G92+H92+I92)*0.12+(J92+K92)*0.2) -> 78.77 | M92: =IF(D92=TRUE,"W",IF(L92>=89.4,"A+",IF(L92>=84.4,"A",IF(L92>=79.4,"A-",IF(L92>=76.4,"B+",IF(L92>=72.4,"B",IF(L92>=69.4,"B-",IF(L92>=66.4,"C+",IF(L92>=62.4,"C",IF(L92>=59.4,"C-",IF(L92>=49.4,"D",IF(L92>0,"E",IF(L92<=0,"X",""))))))))))))) -> B+
A93: 劉姿妤 | B93: 清華研 | C93: a141078 | D93: FALSE | E93: ='Lab01'!K128 -> 84 | F93: ='Lab02'!K128 -> 78.75 | G93: ='Lab03'!U129 -> 78 | H93: ='Lab04'!S129 -> 81 | I93: ='Lab05'!P129 -> 70.5 | J93: ='Final Exam'!W129 -> 64 | K93: ='Final Project'!H128 -> 94.4 | L93: =IF(D93=TRUE,0,(E93+F93+G93+H93+I93)*0.12+(J93+K93)*0.2) -> 78.75 | M93: =IF(D93=TRUE,"W",IF(L93>=89.4,"A+",IF(L93>=84.4,"A",IF(L93>=79.4,"A-",IF(L93>=76.4,"B+",IF(L93>=72.4,"B",IF(L93>=69.4,"B-",IF(L93>=66.4,"C+",IF(L93>=62.4,"C",IF(L93>=59.4,"C-",IF(L93>=49.4,"D",IF(L93>0,"E",IF(L93<=0,"X",""))))))))))))) -> B+
A94: 林秉頤 | B94: 電子碩 / IEE | C94: 314510149 | D94: FALSE | E94: ='Lab01'!K86 -> 87 | F94: ='Lab02'!K86 -> 93.75 | G94: ='Lab03'!U87 -> 80 | H94: ='Lab04'!S87 -> 78 | I94: ='Lab05'!P87 -> 72.25 | J94: ='Final Exam'!W87 -> 57 | K94: ='Final Project'!H86 -> 89.9 | L94: =IF(D94=TRUE,0,(E94+F94+G94+H94+I94)*0.12+(J94+K94)*0.2) -> 78.7 | M94: =IF(D94=TRUE,"W",IF(L94>=89.4,"A+",IF(L94>=84.4,"A",IF(L94>=79.4,"A-",IF(L94>=76.4,"B+",IF(L94>=72.4,"B",IF(L94>=69.4,"B-",IF(L94>=66.4,"C+",IF(L94>=62.4,"C",IF(L94>=59.4,"C-",IF(L94>=49.4,"D",IF(L94>0,"E",IF(L94<=0,"X",""))))))))))))) -> B+
A95: 林知翰 | B95: 土木系 / DCV | C95: 0811254 | D95: FALSE | E95: ='Lab01'!K2 -> 93 | F95: ='Lab02'!K2 -> 82 | G95: ='Lab03'!U3 -> 81 | H95: ='Lab04'!S3 -> 76 | I95: ='Lab05'!P3 -> 64.5 | J95: ='Final Exam'!W3 -> 62 | K95: ='Final Project'!H2 -> 93.2 | L95: =IF(D95=TRUE,0,(E95+F95+G95+H95+I95)*0.12+(J95+K95)*0.2) -> 78.62 | M95: =IF(D95=TRUE,"W",IF(L95>=89.4,"A+",IF(L95>=84.4,"A",IF(L95>=79.4,"A-",IF(L95>=76.4,"B+",IF(L95>=72.4,"B",IF(L95>=69.4,"B-",IF(L95>=66.4,"C+",IF(L95>=62.4,"C",IF(L95>=59.4,"C-",IF(L95>=49.4,"D",IF(L95>0,"E",IF(L95<=0,"X",""))))))))))))) -> B+
A96: 陳侑杰 | B96: 清華研 | C96: v111076 | D96: FALSE | E96: ='Lab01'!K130 -> 83 | F96: ='Lab02'!K130 -> 81.25 | G96: ='Lab03'!U131 -> 82 | H96: ='Lab04'!S131 -> 81 | I96: ='Lab05'!P131 -> 75.5 | J96: ='Final Exam'!W131 -> 60.5 | K96: ='Final Project'!H130 -> 90.5 | L96: =IF(D96=TRUE,0,(E96+F96+G96+H96+I96)*0.12+(J96+K96)*0.2) -> 78.53 | M96: =IF(D96=TRUE,"W",IF(L96>=89.4,"A+",IF(L96>=84.4,"A",IF(L96>=79.4,"A-",IF(L96>=76.4,"B+",IF(L96>=72.4,"B",IF(L96>=69.4,"B-",IF(L96>=66.4,"C+",IF(L96>=62.4,"C",IF(L96>=59.4,"C-",IF(L96>=49.4,"D",IF(L96>0,"E",IF(L96<=0,"X",""))))))))))))) -> B+
A97: 薛油和 | B97: 電子碩 / IEE | C97: 314510189 | D97: FALSE | E97: ='Lab01'!K96 -> 86 | F97: ='Lab02'!K96 -> 72.5 | G97: ='Lab03'!U97 -> 80 | H97: ='Lab04'!S97 -> 62 | I97: ='Lab05'!P97 -> 81.25 | J97: ='Final Exam'!W97 -> 62.5 | K97: ='Final Project'!H96 -> 99.9 | L97: =IF(D97=TRUE,0,(E97+F97+G97+H97+I97)*0.12+(J97+K97)*0.2) -> 78.29 | M97: =IF(D97=TRUE,"W",IF(L97>=89.4,"A+",IF(L97>=84.4,"A",IF(L97>=79.4,"A-",IF(L97>=76.4,"B+",IF(L97>=72.4,"B",IF(L97>=69.4,"B-",IF(L97>=66.4,"C+",IF(L97>=62.4,"C",IF(L97>=59.4,"C-",IF(L97>=49.4,"D",IF(L97>0,"E",IF(L97<=0,"X",""))))))))))))) -> B+
A98: 陳炘威 | B98: 電子博 / IEE | C98: 313580015 | D98: FALSE | E98: ='Lab01'!K61 -> 90 | F98: ='Lab02'!K61 -> 73 | G98: ='Lab03'!U62 -> 97 | H98: ='Lab04'!S62 -> 68 | I98: ='Lab05'!P62 -> 80.25 | J98: ='Final Exam'!W62 -> 57 | K98: ='Final Project'!H61 -> 89.2 | L98: =IF(D98=TRUE,0,(E98+F98+G98+H98+I98)*0.12+(J98+K98)*0.2) -> 78.23 | M98: =IF(D98=TRUE,"W",IF(L98>=89.4,"A+",IF(L98>=84.4,"A",IF(L98>=79.4,"A-",IF(L98>=76.4,"B+",IF(L98>=72.4,"B",IF(L98>=69.4,"B-",IF(L98>=66.4,"C+",IF(L98>=62.4,"C",IF(L98>=59.4,"C-",IF(L98>=49.4,"D",IF(L98>0,"E",IF(L98<=0,"X",""))))))))))))) -> B+
A99: 陳映汝 | B99: 電機碩 / GEE | C99: 314511059 | D99: FALSE | E99: ='Lab01'!K114 -> 85 | F99: ='Lab02'!K114 -> 91.75 | G99: ='Lab03'!U115 -> 92 | H99: ='Lab04'!S115 -> 60 | I99: ='Lab05'!P115 -> 67 | J99: ='Final Exam'!W115 -> 59 | K99: ='Final Project'!H114 -> 92.6 | L99: =IF(D99=TRUE,0,(E99+F99+G99+H99+I99)*0.12+(J99+K99)*0.2) -> 77.81 | M99: =IF(D99=TRUE,"W",IF(L99>=89.4,"A+",IF(L99>=84.4,"A",IF(L99>=79.4,"A-",IF(L99>=76.4,"B+",IF(L99>=72.4,"B",IF(L99>=69.4,"B-",IF(L99>=66.4,"C+",IF(L99>=62.4,"C",IF(L99>=59.4,"C-",IF(L99>=49.4,"D",IF(L99>0,"E",IF(L99<=0,"X",""))))))))))))) -> B+
A100: 張譽耀 | B100: 電子碩 / IEE | C100: 312510067 | D100: FALSE | E100: ='Lab01'!K35 -> 78 | F100: ='Lab02'!K35 -> 83 | G100: ='Lab03'!U36 -> 78 | H100: ='Lab04'!S36 -> 86 | I100: ='Lab05'!P36 -> 71 | J100: ='Final Exam'!W36 -> 60.5 | K100: ='Final Project'!H35 -> 90.7 | L100: =IF(D100=TRUE,0,(E100+F100+G100+H100+I100)*0.12+(J100+K100)*0.2) -> 77.76 | M100: =IF(D100=TRUE,"W",IF(L100>=89.4,"A+",IF(L100>=84.4,"A",IF(L100>=79.4,"A-",IF(L100>=76.4,"B+",IF(L100>=72.4,"B",IF(L100>=69.4,"B-",IF(L100>=66.4,"C+",IF(L100>=62.4,"C",IF(L100>=59.4,"C-",IF(L100>=49.4,"D",IF(L100>0,"E",IF(L100<=0,"X",""))))))))))))) -> B+
...

Sheet Server Account
A1: 姓名 | B1: 所屬系所 | C1: 學號 | D1: Account
A2: 林知翰 | B2: 土木系 / DCV | C2: 0811254 | D2: dl2025f_001
A3: 林品妤 | B3: 醫工系 / BME | C3: 111261022 | D3: dl2025f_002
A4: 趙立榆 | B4: 電機系 / UEE | C4: 111511003 | D4: dl2025f_003
A5: 劉邦榆 | B5: 電機系 / UEE | C5: 111511005 | D5: dl2025f_004
A6: 林后辰 | B6: 電機系 / UEE | C6: 111511009 | D6: dl2025f_005
A7: 莊之睿 | B7: 電機系 / UEE | C7: 111511010 | D7: dl2025f_006
A8: 郭弋愷 | B8: 電機系 / UEE | C8: 111511057 | D8: dl2025f_007
A9: 茆鎮育 | B9: 電機系 / UEE | C9: 111511059 | D9: dl2025f_008
A10: 簡宗弘 | B10: 電機系 / UEE | C10: 111511093 | D10: dl2025f_009
A11: 林守凡 | B11: 電機系 / UEE | C11: 111511095 | D11: dl2025f_010
A12: 陳禹丞 | B12: 電機系 / UEE | C12: 111511099 | D12: dl2025f_011
A13: 陳郡佑 | B13: 電機系 / UEE | C13: 111511158 | D13: dl2025f_012
A14: 劉哲丞 | B14: 電機系 / UEE | C14: 111511163 | D14: dl2025f_013
... A126: 張子音 | B126: 電子博 / IEE | C126: 413510023 | D126: dl2025f_125
A127: 楊旻頤 | B127: 清華研 | C127: a131051 | D127: dl2025f_126
A128: 劉姿妤 | B128: 清華研 | C128: a141078 | D128: dl2025f_127
A129: 林孟璇 | B129: 清華研 | C129: a141134 | D129: dl2025f_128
A130: 陳侑杰 | B130: 清華研 | C130: v111076 | D130: dl2025f_129

Sheet Lab01
A1: 姓名 | B1: 所屬系所 | C1: 學號 | D1: Task1 | E1: Task2 | F1: Test Acc. | G1: Perf. Rank | H1: Perf Score | I1: Report | J1: Naming Error | K1: Total | L1: Note
A2: 林知翰 | B2: 土木系 / DCV | C2: 0811254 | D2: 40 | E2: 20 | F2: 0.9324 | G2: =RANK(F2,$F$2:$F$130,0) -> 18 | H2: =IF(F2>=0.94,25,IF(F2>=0.928,22,IF(F2>=0.912,19,IF(F2>=0.89,16,IF(F2>=0.868,13,IF(F2>=0.84,10,IF(F2>=0.8,7,IF(F2>0.6,4,"")))))))) -> 22 | I2: 11 | K2: =D2+E2+H2+I2+J2 -> 93
A3: 林品妤 | B3: 醫工系 / BME | C3: 111261022 | D3: 0 | E3: 20 | F3: 0.7081 | G3: =RANK(F3,$F$2:$F$130,0) -> 128 | H3: =IF(F3>=0.94,25,IF(F3>=0.928,22,IF(F3>=0.912,19,IF(F3>=0.89,16,IF(F3>=0.868,13,IF(F3>=0.84,10,IF(F3>=0.8,7,IF(F3>0.6,4,"")))))))) -> 4 | I3: 13 | K3: =D3+E3+H3+I3+J3 -> 37 | L3: Task1正確率未達標
A4: 趙立榆 | B4: 電機系 / UEE | C4: 111511003 | D4: 40 | E4: 20 | F4: 0.9201 | G4: =RANK(F4,$F$2:$F$130,0) -> 43 | H4: =IF(F4>=0.94,25,IF(F4>=0.928,22,IF(F4>=0.912,19,IF(F4>=0.89,16,IF(F4>=0.868,13,IF(F4>=0.84,10,IF(F4>=0.8,7,IF(F4>0.6,4,"")))))))) -> 19 | I4: 12 | K4: =D4+E4+H4+I4+J4 -> 91
A5: 劉邦榆 | B5: 電機系 / UEE | C5: 111511005 | D5: 40 | E5: 20 | F5: 0.9267 | G5: =RANK(F5,$F$2:$F$130,0) -> 28 | H5: =IF(F5>=0.94,25,IF(F5>=0.928,22,IF(F5>=0.912,19,IF(F5>=0.89,16,IF(F5>=0.868,13,IF(F5>=0.84,10,IF(F5>=0.8,7,IF(F5>0.6,4,"")))))))) -> 19 | I5: 14 | K5: =D5+E5+H5+I5+J5 -> 93
A6: 林后辰 | B6: 電機系 / UEE | C6: 111511009 | D6: 40 | E6: 20 | F6: 0.9502 | G6: =RANK(F6,$F$2:$F$130,0) -> 1 | H6: =IF(F6>=0.94,25,IF(F6>=0.928,22,IF(F6>=0.912,19,IF(F6>=0.89,16,IF(F6>=0.868,13,IF(F6>=0.84,10,IF(F6>=0.8,7,IF(F6>0.6,4,"")))))))) -> 25 | I6: 12 | K6: =D6+E6+H6+I6+J6 -> 97
A7: 莊之睿 | B7: 電機系 / UEE | C7: 111511010 | D7: 40 | E7: 20 | F7: 0.9226 | G7: =RANK(F7,$F$2:$F$130,0) -> 40 | H7: =IF(F7>=0.94,25,IF(F7>=0.928,22,IF(F7>=0.912,19,IF(F7>=0.89,16,IF(F7>=0.868,13,IF(F7>=0.84,10,IF(F7>=0.8,7,IF(F7>0.6,4,"")))))))) -> 19 | I7: 12 | K7: =D7+E7+H7+I7+J7 -> 91
A8: 郭弋愷 | B8: 電機系 / UEE | C8: 111511057 | D8: 40 | E8: 20 | F8: 0.8712 | G8: =RANK(F8,$F$2:$F$130,0) -> 109 | H8: =IF(F8>=0.94,25,IF(F8>=0.928,22,IF(F8>=0.912,19,IF(F8>=0.89,16,IF(F8>=0.868,13,IF(F8>=0.84,10,IF(F8>=0.8,7,IF(F8>0.6,4,"")))))))) -> 13 | I8: 12 | K8: =D8+E8+H8+I8+J8 -> 85
A9: 茆鎮育 | B9: 電機系 / UEE | C9: 111511059 | D9: 40 | E9: 20 | F9: 0.8859 | G9: =RANK(F9,$F$2:$F$130,0) -> 94 | H9: =IF(F9>=0.94,25,IF(F9>=0.928,22,IF(F9>=0.912,19,IF(F9>=0.89,16,IF(F9>=0.868,13,IF(F9>=0.84,10,IF(F9>=0.8,7,IF(F9>0.6,4,"")))))))) -> 13 | I9: 11 | K9: =D9+E9+H9+I9+J9 -> 84
A10: 簡宗弘 | B10: 電機系 / UEE | C10: 111511093 | D10: 40 | E10: 20 | F10: 0.9078 | G10: =RANK(F10,$F$2:$F$130,0) -> 59 | H10: =IF(F10>=0.94,25,IF(F10>=0.928,22,IF(F10>=0.912,19,IF(F10>=0.89,16,IF(F10>=0.868,13,IF(F10>=0.84,10,IF(F10>=0.8,7,IF(F10>0.6,4,"")))))))) -> 16 | I10: 10 | K10: =D10+E10+H10+I10+J10 -> 86
A11: 林守凡 | B11: 電機系 / UEE | C11: 111511095 | D11: 40 | E11: 20 | F11: 0.8871 | G11: =RANK(F11,$F$2:$F$130,0) -> 90 | H11: =IF(F11>=0.94,25,IF(F11>=0.928,22,IF(F11>=0.912,19,IF(F11>=0.89,16,IF(F11>=0.868,13,IF(F11>=0.84,10,IF(F11>=0.8,7,IF(F11>0.6,4,"")))))))) -> 13 | I11: 12 | K11: =D11+E11+H11+I11+J11 -> 85
A12: 陳禹丞 | B12: 電機系 / UEE | C12: 111511099 | D12: 40 | E12: 20 | F12: 0.9267 | G12: =RANK(F12,$F$2:$F$130,0) -> 28 | H12: =IF(F12>=0.94,25,IF(F12>=0.928,22,IF(F12>=0.912,19,IF(F12>=0.89,16,IF(F12>=0.868,13,IF(F12>=0.84,10,IF(F12>=0.8,7,IF(F12>0.6,4,"")))))))) -> 19 | I12: 13 | K12: =D12+E12+H12+I12+J12 -> 92
A13: 陳郡佑 | B13: 電機系 / UEE | C13: 111511158 | D13: 40 | E13: 20 | F13: 0.8924 | G13: =RANK(F13,$F$2:$F$130,0) -> 83 | H13: =IF(F13>=0.94,25,IF(F13>=0.928,22,IF(F13>=0.912,19,IF(F13>=0.89,16,IF(F13>=0.868,13,IF(F13>=0.84,10,IF(F13>=0.8,7,IF(F13>0.6,4,"")))))))) -> 16 | I13: 10 | K13: =D13+E13+H13+I13+J13 -> 86
A14: 劉哲丞 | B14: 電機系 / UEE | C14: 111511163 | D14: 40 | E14: 20 | F14: 0.8534 | G14: =RANK(F14,$F$2:$F$130,0) -> 119 | H14: =IF(F14>=0.94,25,IF(F14>=0.928,22,IF(F14>=0.912,19,IF(F14>=0.89,16,IF(F14>=0.868,13,IF(F14>=0.84,10,IF(F14>=0.8,7,IF(F14>0.6,4,"")))))))) -> 10 | I14: 11 | K14: =D14+E14+H14+I14+J14 -> 81
A15: 鍾宗揚 | B15: 電機系 / UEE | C15: 111511186 | D15: 40 | E15: 20 | F15: 0.9035 | G15: =RANK(F15,$F$2:$F$130,0) -> 67 | H15: =IF(F15>=0.94,25,IF(F15>=0.928,22,IF(F15>=0.912,19,IF(F15>=0.89,16,IF(F15>=0.868,13,IF(F15>=0.84,10,IF(F15>=0.8,7,IF(F15>0.6,4,"")))))))) -> 16 | I15: 14 | K15: =D15+E15+H15+I15+J15 -> 90
... A25: 黃治鈞 | B25: 電機系 / UEE | C25: 111511306 | D25: 40 | E25: 20 | F25: 0.9435 | G25: =RANK(F25,$F$2:$F$130,0) -> 4 | H25: =IF(F25>=0.94,25,IF(F25>=0.928,22,IF(F25>=0.912,19,IF(F25>=0.89,16,IF(F25>=0.868,13,IF(F25>=0.84,10,IF(F25>=0.8,7,IF(F25>0.6,4,"")))))))) -> 25 | I25: 11 | K25: =D25+E25+H25+I25+J25 -> 96
A26: 唐以理 | B26: 電機系 / UEE | C26: 111511307 | D26: 35 | E26: 15 | F26: 0.9256 | G26: =RANK(F26,$F$2:$F$130,0) -> 32 | H26: =IF(F26>=0.94,25,IF(F26>=0.928,22,IF(F26>=0.912,19,IF(F26>=0.89,16,IF(F26>=0.868,13,IF(F26>=0.84,10,IF(F26>=0.8,7,IF(F26>0.6,4,"")))))))) -> 19 | I26: 8 | K26: =D26+E26+H26+I26+J26 -> 77 | L26: 未附上截圖
A27: 陳奕廷 | B27: 電機系 / UEE | C27: 111511308 | D27: 40 | E27: 20 | F27: 0.929 | G27: =RANK(F27,$F$2:$F$130,0) -> 25 | H27: =IF(F27>=0.94,25,IF(F27>=0.928,22,IF(F27>=0.912,19,IF(F27>=0.89,16,IF(F27>=0.868,13,IF(F27>=0.84,10,IF(F27>=0.8,7,IF(F27>0.6,4,"")))))))) -> 22 | I27: 13 | K27: =D27+E27+H27+I27+J27 -> 95
A28: 薛天其 | B28: 電機系 / UEE | C28: 111610032 | D28: 40 | E28: 20 | F28: 0.9142 | G28: =RANK(F28,$F$2:$F$130,0) -> 53 | H28: =IF(F28>=0.94,25,IF(F28>=0.928,22,IF(F28>=0.912,19,IF(F28>=0.89,16,IF(F28>=0.868,13,IF(F28>=0.84,10,IF(F28>=0.8,7,IF(F28>0.6,4,"")))))))) -> 19 | I28: 13 | K28: =D28+E28+H28+I28+J28 -> 92
A29: 林柏伸 | B29: 電機系 / UEE | C29: 111611088 | D29: 40 | E29: 20 | F29: 0.9267 | G29: =RANK(F29,$F$2:$F$130,0) -> 28 | H29: =IF(F29>=0.94,25,IF(F29>=0.928,22,IF(F29>=0.912,19,IF(F29>=0.89,16,IF(F29>=0.868,13,IF(F29>=0.84,10,IF(F29>=0.8,7,IF(F29>0.6,4,"")))))))) -> 19 | I29: 11 | K29: =D29+E29+H29+I29+J29 -> 90
A30: 謝歷恩 | B30: 電機系 / UEE | C30: 111651009 | D30: 40 | E30: 20 | F30: 0.9022 | G30: =RANK(F30,$F$2:$F$130,0) -> 70 | H30: =IF(F30>=0.94,25,IF(F30>=0.928,22,IF(F30>=0.912,19,IF(F30>=0.89,16,IF(F30>=0.868,13,IF(F30>=0.84,10,IF(F30>=0.8,7,IF(F30>0.6,4,"")))))))) -> 16 | I30: 11 | K30: =D30+E30+H30+I30+J30 -> 87
A31: 鐘邦郡 | B31: 資工系 / DCP | C31: 111652031 | D31: 40 | E31: 20 | F31: 0.9051 | G31: =RANK(F31,$F$2:$F$130,0) -> 66 | H31: =IF(F31>=0.94,25,IF(F31>=0.928,22,IF(F31>=0.912,19,IF(F31>=0.89,16,IF(F31>=0.868,13,IF(F31>=0.84,10,IF(F31>=0.8,7,IF(F31>0.6,4,"")))))))) -> 16 | I31: 12 | K31: =D31+E31+H31+I31+J31 -> 88
A32: 吳俊叡 | B32: 電機系 / UEE | C32: 112511152 | D32: 40 | E32: 20 | F32: 0.878 | G32: =RANK(F32,$F$2:$F$130,0) -> 106 | H32: =IF(F32>=0.94,25,IF(F32>=0.928,22,IF(F32>=0.912,19,IF(F32>=0.89,16,IF(F32>=0.868,13,IF(F32>=0.84,10,IF(F32>=0.8,7,IF(F32>0.6,4,"")))))))) -> 13 | I32: 7 | K32: =D32+E32+H32+I32+J32 -> 80
A33: 黃子倫 | B33: 電子碩 / IEE | C33: 311510190 | D33: 40 | E33: 20 | F33: 0.8183 | G33: =RANK(F33,$F$2:$F$130,0) -> 126 | H33: =IF(F33>=0.94,25,IF(F33>=0.928,22,IF(F33>=0.912,19,IF(F33>=0.89,16,IF(F33>=0.868,13,IF(F33>=0.84,10,IF(F33>=0.8,7,IF(F33>0.6,4,"")))))))) -> 7 | I33: 10 | K33: =D33+E33+H33+I33+J33 -> 77
A34: 林益葳 | B34: 電子博 / IEE | C34: 311515050 | D34: 40 | E34: 20 | F34: 0.881 | G34: =RANK(F34,$F$2:$F$130,0) -> 104 | H34: =IF(F34>=0.94,25,IF(F34>=0.928,22,IF(F34>=0.912,19,IF(F34>=0.89,16,IF(F34>=0.868,13,IF(F34>=0.84,10,IF(F34>=0.8,7,IF(F34>0.6,4,"")))))))) -> 13 | I34: 12 | K34: =D34+E34+H34+I34+J34 -> 85
A35: 張譽耀 | B35: 電子碩 / IEE | C35: 312510067 | D35: 40 | E35: 20 | F35: 0.86 | G35: =RANK(F35,$F$2:$F$130,0) -> 116 | H35: =IF(F35>=0.94,25,IF(F35>=0.928,22,IF(F35>=0.912,19,IF(F35>=0.89,16,IF(F35>=0.868,13,IF(F35>=0.84,10,IF(F35>=0.8,7,IF(F35>0.6,4,"")))))))) -> 10 | I35: 8 | K35: =D35+E35+H35+I35+J35 -> 78
A36: 邱棋胤 | B36: 電子碩 / IEE | C36: 312510123 | D36: 40 | E36: 20 | F36: 0.8649 | G36: =RANK(F36,$F$2:$F$130,0) -> 113 | H36: =IF(F36>=0.94,25,IF(F36>=0.928,22,IF(F36>=0.912,19,IF(F36>=0.89,16,IF(F36>=0.868,13,IF(F36>=0.84,10,IF(F36>=0.8,7,IF(F36>0.6,4,"")))))))) -> 10 | I36: 10 | K36: =D36+E36+H36+I36+J36 -> 80
A37: 黃建廷 | B37: 電機碩 / GEE | C37: 312511041 | D37: 40 | E37: 20 | F37: 0.9028 | G37: =RANK(F37,$F$2:$F$130,0) -> 68 | H37: =IF(F37>=0.94,25,IF(F37>=0.928,22,IF(F37>=0.912,19,IF(F37>=0.89,16,IF(F37>=0.868,13,IF(F37>=0.84,10,IF(F37>=0.8,7,IF(F37>0.6,4,"")))))))) -> 16 | I37: 11 | K37: =D37+E37+H37+I37+J37 -> 87
A38: 余唯愷 | B38: 電子博 / IEE | C38: 312580021 | D38: 40 | E38: 20 | F38: 0.9294 | G38: =RANK(F38,$F$2:$F$130,0) -> 24 | H38: =IF(F38>=0.94,25,IF(F38>=0.928,22,IF(F38>=0.912,19,IF(F38>=0.89,16,IF(F38>=0.868,13,IF(F38>=0.84,10,IF(F38>=0.8,7,IF(F38>0.6,4,"")))))))) -> 22 | I38: 10 | K38: =D38+E38+H38+I38+J38 -> 92
... A48: 林槿茹 | B48: 電子碩 / IEE | C48: 313510178 | D48: 40 | E48: 20 | F48: 0.8813 | G48: =RANK(F48,$F$2:$F$130,0) -> 103 | H48: =IF(F48>=0.94,25,IF(F48>=0.928,22,IF(F48>=0.912,19,IF(F48>=0.89,16,IF(F48>=0.868,13,IF(F48>=0.84,10,IF(F48>=0.8,7,IF(F48>0.6,4,"")))))))) -> 13 | I48: 13 | K48: =D48+E48+H48+I48+J48 -> 86
A49: 宋玉磊 | B49: 電子碩 / IEE | C49: 313510194 | D49: 35 | E49: 15 | F49: 0.8503 | G49: =RANK(F49,$F$2:$F$130,0) -> 122 | H49: =IF(F49>=0.94,25,IF(F49>=0.928,22,IF(F49>=0.912,19,IF(F49>=0.89,16,IF(F49>=0.868,13,IF(F49>=0.84,10,IF(F49>=0.8,7,IF(F49>0.6,4,"")))))))) -> 10 | I49: 11 | K49: =D49+E49+H49+I49+J49 -> 71 | L49: 未附上截圖
A50: 吳彥忞 | B50: 電子碩 / IEE | C50: 313510196 | D50: 40 | E50: 20 | F50: 0.8857 | G50: =RANK(F50,$F$2:$F$130,0) -> 95 | H50: =IF(F50>=0.94,25,IF(F50>=0.928,22,IF(F50>=0.912,19,IF(F50>=0.89,16,IF(F50>=0.868,13,IF(F50>=0.84,10,IF(F50>=0.8,7,IF(F50>0.6,4,"")))))))) -> 13 | I50: 12 | K50: =D50+E50+H50+I50+J50 -> 85
A51: 廖紹閔 | B51: 電子碩 / IEE | C51: 313510212 | D51: 0 | E51: 0 | H51: 0 | I51: 0 | K51: =D51+E51+H51+I51+J51 -> 0
A52: 王睿哲 | B52: 電子碩 / IEE | C52: 313510214 | D52: 40 | E52: 20 | F52: 0.9165 | G52: =RANK(F52,$F$2:$F$130,0) -> 49 | H52: =IF(F52>=0.94,25,IF(F52>=0.928,22,IF(F52>=0.912,19,IF(F52>=0.89,16,IF(F52>=0.868,13,IF(F52>=0.84,10,IF(F52>=0.8,7,IF(F52>0.6,4,"")))))))) -> 19 | I52: 12 | K52: =D52+E52+H52+I52+J52 -> 91
A53: 康鈞睿 | B53: 電子碩 / IEE | C53: 313510217 | D53: 40 | E53: 20 | F53: 0.9229 | G53: =RANK(F53,$F$2:$F$130,0) -> 39 | H53: =IF(F53>=0.94,25,IF(F53>=0.928,22,IF(F53>=0.912,19,IF(F53>=0.89,16,IF(F53>=0.868,13,IF(F53>=0.84,10,IF(F53>=0.8,7,IF(F53>0.6,4,"")))))))) -> 19 | I53: 9 | K53: =D53+E53+H53+I53+J53 -> 88
A54: 李崇碩 | B54: 電子碩 / IEE | C54: 313510230 | D54: 40 | E54: 20 | F54: 0.9398 | G54: =RANK(F54,$F$2:$F$130,0) -> 9 | H54: =IF(F54>=0.94,25,IF(F54>=0.928,22,IF(F54>=0.912,19,IF(F54>=0.89,16,IF(F54>=0.868,13,IF(F54>=0.84,10,IF(F54>=0.8,7,IF(F54>0.6,4,"")))))))) -> 22 | I54: 14 | K54: =D54+E54+H54+I54+J54 -> 96
A55: 張皓庭 | B55: 電子碩 / IEE | C55: 313510234 | D55: 40 | E55: 20 | F55: 0.8804 | G55: =RANK(F55,$F$2:$F$130,0) -> 105 | H55: =IF(F55>=0.94,25,IF(F55>=0.928,22,IF(F55>=0.912,19,IF(F55>=0.89,16,IF(F55>=0.868,13,IF(F55>=0.84,10,IF(F55>=0.8,7,IF(F55>0.6,4,"")))))))) -> 13 | I55: 10 | K55: =D55+E55+H55+I55+J55 -> 83
A56: 陳冠辰 | B56: 電子碩 / IEE | C56: 313510237 | D56: 40 | E56: 20 | F56: 0.9323 | G56: =RANK(F56,$F$2:$F$130,0) -> 19 | H56: =IF(F56>=0.94,25,IF(F56>=0.928,22,IF(F56>=0.912,19,IF(F56>=0.89,16,IF(F56>=0.868,13,IF(F56>=0.84,10,IF(F56>=0.8,7,IF(F56>0.6,4,"")))))))) -> 22 | I56: 12 | K56: =D56+E56+H56+I56+J56 -> 94
A57: 阮楷勳 | B57: 電子碩 / IEE | C57: 313510244 | D57: 40 | E57: 20 | F57: 0.9331 | G57: =RANK(F57,$F$2:$F$130,0) -> 15 | H57: =IF(F57>=0.94,25,IF(F57>=0.928,22,IF(F57>=0.912,19,IF(F57>=0.89,16,IF(F57>=0.868,13,IF(F57>=0.84,10,IF(F57>=0.8,7,IF(F57>0.6,4,"")))))))) -> 22 | I57: 12 | K57: =D57+E57+H57+I57+J57 -> 94
A58: 鄭人傑 | B58: 電子碩 / IEE | C58: 313510245 | D58: 40 | E58: 20 | F58: 0.9312 | G58: =RANK(F58,$F$2:$F$130,0) -> 20 | H58: =IF(F58>=0.94,25,IF(F58>=0.928,22,IF(F58>=0.912,19,IF(F58>=0.89,16,IF(F58>=0.868,13,IF(F58>=0.84,10,IF(F58>=0.8,7,IF(F58>0.6,4,"")))))))) -> 22 | I58: 12 | K58: =D58+E58+H58+I58+J58 -> 94
A59: 林柏言 | B59: 電控碩 / ICN | C59: 313512061 | D59: 40 | E59: 20 | F59: 0.9157 | G59: =RANK(F59,$F$2:$F$130,0) -> 51 | H59: =IF(F59>=0.94,25,IF(F59>=0.928,22,IF(F59>=0.912,19,IF(F59>=0.89,16,IF(F59>=0.868,13,IF(F59>=0.84,10,IF(F59>=0.8,7,IF(F59>0.6,4,"")))))))) -> 19 | I59: 9 | K59: =D59+E59+H59+I59+J59 -> 88
A60: 陳致融 | B60: 電信碩 / ECM | C60: 313513029 | D60: 40 | E60: 20 | F60: 0.9146 | G60: =RANK(F60,$F$2:$F$130,0) -> 52 | H60: =IF(F60>=0.94,25,IF(F60>=0.928,22,IF(F60>=0.912,19,IF(F60>=0.89,16,IF(F60>=0.868,13,IF(F60>=0.84,10,IF(F60>=0.8,7,IF(F60>0.6,4,"")))))))) -> 19 | I60: 10 | J60: -5 | K60: =D60+E60+H60+I60+J60 -> 84 | L60: Naming Error
A61: 陳炘威 | B61: 電子博 / IEE | C61: 313580015 | D61: 40 | E61: 20 | F61: 0.9186 | G61: =RANK(F61,$F$2:$F$130,0) -> 46 | H61: =IF(F61>=0.94,25,IF(F61>=0.928,22,IF(F61>=0.912,19,IF(F61>=0.89,16,IF(F61>=0.868,13,IF(F61>=0.84,10,IF(F61>=0.8,7,IF(F61>0.6,4,"")))))))) -> 19 | I61: 11 | K61: =D61+E61+H61+I61+J61 -> 90
A62: 吳瑞宸 | B62: 前瞻半導體 / Pio-SEMI | C62: 313580072 | D62: 40 | E62: 20 | F62: 0.8905 | G62: =RANK(F62,$F$2:$F$130,0) -> 85 | H62: =IF(F62>=0.94,25,IF(F62>=0.928,22,IF(F62>=0.912,19,IF(F62>=0.89,16,IF(F62>=0.868,13,IF(F62>=0.84,10,IF(F62>=0.8,7,IF(F62>0.6,4,"")))))))) -> 16 | I62: 11 | K62: =D62+E62+H62+I62+J62 -> 87
A63: 蘇宥嘉 | B63: 機器人碩士 / ROB | C63: 313605012 | D63: 40 | E63: 20 | F63: 0.8319 | G63: =RANK(F63,$F$2:$F$130,0) -> 125 | H63: =IF(F63>=0.94,25,IF(F63>=0.928,22,IF(F63>=0.912,19,IF(F63>=0.89,16,IF(F63>=0.868,13,IF(F63>=0.84,10,IF(F63>=0.8,7,IF(F63>0.6,4,"")))))))) -> 7 | I63: 11 | K63: =D63+E63+H63+I63+J63 -> 78
A64: 胡育豪 | B64: 人工智慧 / AIG | C64: 314505002 | D64: 40 | E64: 20 | F64: 0.94 | G64: =RANK(F64,$F$2:$F$130,0) -> 8 | H64: =IF(F64>=0.94,25,IF(F64>=0.928,22,IF(F64>=0.912,19,IF(F64>=0.89,16,IF(F64>=0.868,13,IF(F64>=0.84,10,IF(F64>=0.8,7,IF(F64>0.6,4,"")))))))) -> 25 | I64: 12 | K64: =D64+E64+H64+I64+J64 -> 97
A65: 郭茂宇 | B65: 人工智慧 / AIG | C65: 314505004 | D65: 40 | E65: 20 | F65: 0.9195 | G65: =RANK(F65,$F$2:$F$130,0) -> 44 | H65: =IF(F65>=0.94,25,IF(F65>=0.928,22,IF(F65>=0.912,19,IF(F65>=0.89,16,IF(F65>=0.868,13,IF(F65>=0.84,10,IF(F65>=0.8,7,IF(F65>0.6,4,"")))))))) -> 19 | I65: 11 | K65: =D65+E65+H65+I65+J65 -> 90
A66: 陳垣皓 | B66: 人工智慧 / AIG | C66: 314505008 | D66: 40 | E66: 20 | F66: 0.9266 | G66: =RANK(F66,$F$2:$F$130,0) -> 31 | H66: =IF(F66>=0.94,25,IF(F66>=0.928,22,IF(F66>=0.912,19,IF(F66>=0.89,16,IF(F66>=0.868,13,IF(F66>=0.84,10,IF(F66>=0.8,7,IF(F66>0.6,4,"")))))))) -> 19 | I66: 9 | K66: =D66+E66+H66+I66+J66 -> 88
A67: 簡逸杰 | B67: 人工智慧 / AIG | C67: 314505011 | D67: 40 | E67: 20 | F67: 0.8945 | G67: =RANK(F67,$F$2:$F$130,0) -> 79 | H67: =IF(F67>=0.94,25,IF(F67>=0.928,22,IF(F67>=0.912,19,IF(F67>=0.89,16,IF(F67>=0.868,13,IF(F67>=0.84,10,IF(F67>=0.8,7,IF(F67>0.6,4,"")))))))) -> 16 | I67: 12 | K67: =D67+E67+H67+I67+J67 -> 88
A68: 馬克俊 | B68: 電子碩 / IEE | C68: 314510022 | D68: 40 | E68: 20 | F68: 0.8632 | G68: =RANK(F68,$F$2:$F$130,0) -> 115 | H68: =IF(F68>=0.94,25,IF(F68>=0.928,22,IF(F68>=0.912,19,IF(F68>=0.89,16,IF(F68>=0.868,13,IF(F68>=0.84,10,IF(F68>=0.8,7,IF(F68>0.6,4,"")))))))) -> 10 | I68: 12 | K68: =D68+E68+H68+I68+J68 -> 82
A69: 邱媛婕 | B69: 電子碩 / IEE | C69: 314510028 | D69: 40 | E69: 20 | F69: 0.9207 | G69: =RANK(F69,$F$2:$F$130,0) -> 42 | H69: =IF(F69>=0.94,25,IF(F69>=0.928,22,IF(F69>=0.912,19,IF(F69>=0.89,16,IF(F69>=0.868,13,IF(F69>=0.84,10,IF(F69>=0.8,7,IF(F69>0.6,4,"")))))))) -> 19 | I69: 12 | K69: =D69+E69+H69+I69+J69 -> 91
A70: 黃瑜緹 | B70: 電子碩 / IEE | C70: 314510034 | D70: 40 | E70: 20 | F70: 0.9067 | G70: =RANK(F70,$F$2:$F$130,0) -> 63 | H70: =IF(F70>=0.94,25,IF(F70>=0.928,22,IF(F70>=0.912,19,IF(F70>=0.89,16,IF(F70>=0.868,13,IF(F70>=0.84,10,IF(F70>=0.8,7,IF(F70>0.6,4,"")))))))) -> 16 | I70: 12 | K70: =D70+E70+H70+I70+J70 -> 88
A71: 沈上傑 | B71: 電子碩 / IEE | C71: 314510042 | D71: 40 | E71: 20 | F71: 0.8971 | G71: =RANK(F71,$F$2:$F$130,0) -> 75 | H71: =IF(F71>=0.94,25,IF(F71>=0.928,22,IF(F71>=0.912,19,IF(F71>=0.89,16,IF(F71>=0.868,13,IF(F71>=0.84,10,IF(F71>=0.8,7,IF(F71>0.6,4,"")))))))) -> 16 | I71: 12 | K71: =D71+E71+H71+I71+J71 -> 88
A72: 蔡綸鎧 | B72: 電子碩 / IEE | C72: 314510044 | D72: 40 | E72: 20 | F72: 0.9337 | G72: =RANK(F72,$F$2:$F$130,0) -> 13 | H72: =IF(F72>=0.94,25,IF(F72>=0.928,22,IF(F72>=0.912,19,IF(F72>=0.89,16,IF(F72>=0.868,13,IF(F72>=0.84,10,IF(F72>=0.8,7,IF(F72>0.6,4,"")))))))) -> 22 | I72: 12 | K72: =D72+E72+H72+I72+J72 -> 94
... A83: 余家佑 | B83: 電子碩 / IEE | C83: 314510133 | D83: 40 | E83: 20 | F83: 0.9362 | G83: =RANK(F83,$F$2:$F$130,0) -> 11 | H83: =IF(F83>=0.94,25,IF(F83>=0.928,22,IF(F83>=0.912,19,IF(F83>=0.89,16,IF(F83>=0.868,13,IF(F83>=0.84,10,IF(F83>=0.8,7,IF(F83>0.6,4,"")))))))) -> 22 | I83: 12 | K83: =D83+E83+H83+I83+J83 -> 94
A84: 麥祐嘉 | B84: 電子碩 / IEE | C84: 314510134 | D84: 35 | E84: 20 | F84: 0.9356 | G84: =RANK(F84,$F$2:$F$130,0) -> 12 | H84: =IF(F84>=0.94,25,IF(F84>=0.928,22,IF(F84>=0.912,19,IF(F84>=0.89,16,IF(F84>=0.868,13,IF(F84>=0.84,10,IF(F84>=0.8,7,IF(F84>0.6,4,"")))))))) -> 22 | I84: 12 | K84: =D84+E84+H84+I84+J84 -> 89 | L84: 未附上截圖
A85: 徐衍齊 | B85: 電子碩 / IEE | C85: 314510147 | D85: 40 | E85: 20 | F85: 0.8814 | G85: =RANK(F85,$F$2:$F$130,0) -> 102 | H85: =IF(F85>=0.94,25,IF(F85>=0.928,22,IF(F85>=0.912,19,IF(F85>=0.89,16,IF(F85>=0.868,13,IF(F85>=0.84,10,IF(F85>=0.8,7,IF(F85>0.6,4,"")))))))) -> 13 | I85: 12 | K85: =D85+E85+H85+I85+J85 -> 85
A86: 林秉頤 | B86: 電子碩 / IEE | C86: 314510149 | D86: 40 | E86: 20 | F86: 0.8979 | G86: =RANK(F86,$F$2:$F$130,0) -> 74 | H86: =IF(F86>=0.94,25,IF(F86>=0.928,22,IF(F86>=0.912,19,IF(F86>=0.89,16,IF(F86>=0.868,13,IF(F86>=0.84,10,IF(F86>=0.8,7,IF(F86>0.6,4,"")))))))) -> 16 | I86: 11 | K86: =D86+E86+H86+I86+J86 -> 87
A87: 鄭元閔 | B87: 電子碩 / IEE | C87: 314510151 | D87: 40 | E87: 20 | F87: 0.9168 | G87: =RANK(F87,$F$2:$F$130,0) -> 48 | H87: =IF(F87>=0.94,25,IF(F87>=0.928,22,IF(F87>=0.912,19,IF(F87>=0.89,16,IF(F87>=0.868,13,IF(F87>=0.84,10,IF(F87>=0.8,7,IF(F87>0.6,4,"")))))))) -> 19 | I87: 12 | K87: =D87+E87+H87+I87+J87 -> 91
A88: 徐煜絨 | B88: 電子碩 / IEE | C88: 314510152 | D88: 40 | E88: 20 | F88: 0.9237 | G88: =RANK(F88,$F$2:$F$130,0) -> 36 | H88: =IF(F88>=0.94,25,IF(F88>=0.928,22,IF(F88>=0.912,19,IF(F88>=0.89,16,IF(F88>=0.868,13,IF(F88>=0.84,10,IF(F88>=0.8,7,IF(F88>0.6,4,"")))))))) -> 19 | I88: 13 | K88: =D88+E88+H88+I88+J88 -> 92
A89: 王子嘉 | B89: 電子碩 / IEE | C89: 314510153 | D89: 40 | E89: 20 | F89: 0.9067 | G89: =RANK(F89,$F$2:$F$130,0) -> 63 | H89: =IF(F89>=0.94,25,IF(F89>=0.928,22,IF(F89>=0.912,19,IF(F89>=0.89,16,IF(F89>=0.868,13,IF(F89>=0.84,10,IF(F89>=0.8,7,IF(F89>0.6,4,"")))))))) -> 16 | I89: 12 | K89: =D89+E89+H89+I89+J89 -> 88
A90: 林子恩 | B90: 電子碩 / IEE | C90: 314510157 | D90: 40 | E90: 20 | F90: 0.9297 | G90: =RANK(F90,$F$2:$F$130,0) -> 22 | H90: =IF(F90>=0.94,25,IF(F90>=0.928,22,IF(F90>=0.912,19,IF(F90>=0.89,16,IF(F90>=0.868,13,IF(F90>=0.84,10,IF(F90>=0.8,7,IF(F90>0.6,4,"")))))))) -> 22 | I90: 12 | K90: =D90+E90+H90+I90+J90 -> 94
A91: 劉昱旻 | B91: 電子碩 / IEE | C91: 314510166 | D91: 40 | E91: 20 | F91: 0.9403 | G91: =RANK(F91,$F$2:$F$130,0) -> 7 | H91: =IF(F91>=0.94,25,IF(F91>=0.928,22,IF(F91>=0.912,19,IF(F91>=0.89,16,IF(F91>=0.868,13,IF(F91>=0.84,10,IF(F91>=0.8,7,IF(F91>0.6,4,"")))))))) -> 25 | I91: 12 | K91: =D91+E91+H91+I91+J91 -> 97
A92: 鄭文碩 | B92: 電子碩 / IEE | C92: 314510173 | D92: 40 | E92: 20 | F92: 0.9191 | G92: =RANK(F92,$F$2:$F$130,0) -> 45 | H92: =IF(F92>=0.94,25,IF(F92>=0.928,22,IF(F92>=0.912,19,IF(F92>=0.89,16,IF(F92>=0.868,13,IF(F92>=0.84,10,IF(F92>=0.8,7,IF(F92>0.6,4,"")))))))) -> 19 | I92: 11 | K92: =D92+E92+H92+I92+J92 -> 90
A93: 黃佳暄 | B93: 電子碩 / IEE | C93: 314510174 | D93: 40 | E93: 20 | F93: 0.899 | G93: =RANK(F93,$F$2:$F$130,0) -> 73 | H93: =IF(F93>=0.94,25,IF(F93>=0.928,22,IF(F93>=0.912,19,IF(F93>=0.89,16,IF(F93>=0.868,13,IF(F93>=0.84,10,IF(F93>=0.8,7,IF(F93>0.6,4,"")))))))) -> 16 | I93: 12 | K93: =D93+E93+H93+I93+J93 -> 88
A94: 鄭宇廷 | B94: 電子碩 / IEE | C94: 314510186 | D94: 40 | E94: 20 | F94: 0.9233 | G94: =RANK(F94,$F$2:$F$130,0) -> 37 | H94: =IF(F94>=0.94,25,IF(F94>=0.928,22,IF(F94>=0.912,19,IF(F94>=0.89,16,IF(F94>=0.868,13,IF(F94>=0.84,10,IF(F94>=0.8,7,IF(F94>0.6,4,"")))))))) -> 19 | I94: 12 | K94: =D94+E94+H94+I94+J94 -> 91
A95: 張旭 | B95: 電子碩 / IEE | C95: 314510188 | D95: 40 | E95: 20 | F95: 0.893 | G95: =RANK(F95,$F$2:$F$130,0) -> 82 | H95: =IF(F95>=0.94,25,IF(F95>=0.928,22,IF(F95>=0.912,19,IF(F95>=0.89,16,IF(F95>=0.868,13,IF(F95>=0.84,10,IF(F95>=0.8,7,IF(F95>0.6,4,"")))))))) -> 16 | I95: 10 | J95: -5 | K95: =D95+E95+H95+I95+J95 -> 81 | L95: Naming Error
A96: 薛油和 | B96: 電子碩 / IEE | C96: 314510189 | D96: 40 | E96: 20 | F96: 0.9077 | G96: =RANK(F96,$F$2:$F$130,0) -> 60 | H96: =IF(F96>=0.94,25,IF(F96>=0.928,22,IF(F96>=0.912,19,IF(F96>=0.89,16,IF(F96>=0.868,13,IF(F96>=0.84,10,IF(F96>=0.8,7,IF(F96>0.6,4,"")))))))) -> 16 | I96: 10 | K96: =D96+E96+H96+I96+J96 -> 86
A97: 梁藍天 | B97: 電子碩 / IEE | C97: 314510192 | D97: 40 | E97: 20 | F97: 0.9027 | G97: =RANK(F97,$F$2:$F$130,0) -> 69 | H97: =IF(F97>=0.94,25,IF(F97>=0.928,22,IF(F97>=0.912,19,IF(F97>=0.89,16,IF(F97>=0.868,13,IF(F97>=0.84,10,IF(F97>=0.8,7,IF(F97>0.6,4,"")))))))) -> 16 | I97: 12 | J97: -5 | K97: =D97+E97+H97+I97+J97 -> 83 | L97: Naming Error
A98: 徐瑞澤 | B98: 電子碩 / IEE | C98: 314510195 | D98: 40 | E98: 20 | F98: 0.9074 | G98: =RANK(F98,$F$2:$F$130,0) -> 61 | H98: =IF(F98>=0.94,25,IF(F98>=0.928,22,IF(F98>=0.912,19,IF(F98>=0.89,16,IF(F98>=0.868,13,IF(F98>=0.84,10,IF(F98>=0.8,7,IF(F98>0.6,4,"")))))))) -> 16 | I98: 12 | K98: =D98+E98+H98+I98+J98 -> 88
A99: 施夷光 | B99: 電子碩 / IEE | C99: 314510196 | D99: 40 | E99: 20 | F99: 0.8874 | G99: =RANK(F99,$F$2:$F$130,0) -> 89 | H99: =IF(F99>=0.94,25,IF(F99>=0.928,22,IF(F99>=0.912,19,IF(F99>=0.89,16,IF(F99>=0.868,13,IF(F99>=0.84,10,IF(F99>=0.8,7,IF(F99>0.6,4,"")))))))) -> 13 | I99: 13 | K99: =D99+E99+H99+I99+J99 -> 86
A100: 陳致佑 | B100: 電子碩 / IEE | C100: 314510199 | D100: 40 | E100: 20 | F100: 0.8855 | G100: =RANK(F100,$F$2:$F$130,0) -> 96 | H100: =IF(F100>=0.94,25,IF(F100>=0.928,22,IF(F100>=0.912,19,IF(F100>=0.89,16,IF(F100>=0.868,13,IF(F100>=0.84,10,IF(F100>=0.8,7,IF(F100>0.6,4,"")))))))) -> 13 | I100: 12 | K100: =D100+E100+H100+I100+J100 -> 85
A101: 李佳芯 | B101: 電子碩 / IEE | C101: 314510201 | D101: 40 | E101: 20 | F101: 0.8944 | G101: =RANK(F101,$F$2:$F$130,0) -> 80 | H101: =IF(F101>=0.94,25,IF(F101>=0.928,22,IF(F101>=0.912,19,IF(F101>=0.89,16,IF(F101>=0.868,13,IF(F101>=0.84,10,IF(F101>=0.8,7,IF(F101>0.6,4,"")))))))) -> 16 | I101: 12 | K101: =D101+E101+H101+I101+J101 -> 88
A102: 任晏廷 | B102: 電子碩 / IEE | C102: 314510202 | D102: 40 | E102: 20 | F102: 0.9238 | G102: =RANK(F102,$F$2:$F$130,0) -> 35 | H102: =IF(F102>=0.94,25,IF(F102>=0.928,22,IF(F102>=0.912,19,IF(F102>=0.89,16,IF(F102>=0.868,13,IF(F102>=0.84,10,IF(F102>=0.8,7,IF(F102>0.6,4,"")))))))) -> 19 | I102: 13 | K102: =D102+E102+H102+I102+J102 -> 92
A103: 白勝全 | B103: 電子碩 / IEE | C103: 314510209 | D103: 40 | E103: 20 | F103: 0.9493 | G103: =RANK(F103,$F$2:$F$130,0) -> 2 | H103: =IF(F103>=0.94,25,IF(F103>=0.928,22,IF(F103>=0.912,19,IF(F103>=0.89,16,IF(F103>=0.868,13,IF(F103>=0.84,10,IF(F103>=0.8,7,IF(F103>0.6,4,"")))))))) -> 25 | I103: 12 | K103: =D103+E103+H103+I103+J103 -> 97
A104: 趙品倫 | B104: 電子碩 / IEE | C104: 314510214 | D104: 40 | E104: 20 | F104: 0.8886 | G104: =RANK(F104,$F$2:$F$130,0) -> 87 | H104: =IF(F104>=0.94,25,IF(F104>=0.928,22,IF(F104>=0.912,19,IF(F104>=0.89,16,IF(F104>=0.868,13,IF(F104>=0.84,10,IF(F104>=0.8,7,IF(F104>0.6,4,"")))))))) -> 13 | I104: 11 | K104: =D104+E104+H104+I104+J104 -> 84
A105: 傅苙銨 | B105: 電子碩 / IEE | C105: 314510218 | D105: 40 | E105: 20 | F105: 0.8968 | G105: =RANK(F105,$F$2:$F$130,0) -> 76 | H105: =IF(F105>=0.94,25,IF(F105>=0.928,22,IF(F105>=0.912,19,IF(F105>=0.89,16,IF(F105>=0.868,13,IF(F105>=0.84,10,IF(F105>=0.8,7,IF(F105>0.6,4,"")))))))) -> 16 | I105: 13 | K105: =D105+E105+H105+I105+J105 -> 89
A106: 柯奕逢 | B106: 電子碩 / IEE | C106: 314510222 | D106: 40 | E106: 20 | F106: 0.8999 | G106: =RANK(F106,$F$2:$F$130,0) -> 72 | H106: =IF(F106>=0.94,25,IF(F106>=0.928,22,IF(F106>=0.912,19,IF(F106>=0.89,16,IF(F106>=0.868,13,IF(F106>=0.84,10,IF(F106>=0.8,7,IF(F106>0.6,4,"")))))))) -> 16 | I106: 12 | K106: =D106+E106+H106+I106+J106 -> 88
A107: 陳昇達 | B107: 電子碩 / IEE | C107: 314510224 | D107: 40 | E107: 20 | F107: 0.9069 | G107: =RANK(F107,$F$2:$F$130,0) -> 62 | H107: =IF(F107>=0.94,25,IF(F107>=0.928,22,IF(F107>=0.912,19,IF(F107>=0.89,16,IF(F107>=0.868,13,IF(F107>=0.84,10,IF(F107>=0.8,7,IF(F107>0.6,4,"")))))))) -> 16 | I107: 12 | K107: =D107+E107+H107+I107+J107 -> 88
A108: 陳聖諦 | B108: 電子碩 / IEE | C108: 314510225 | D108: 40 | E108: 20 | F108: 0.8964 | G108: =RANK(F108,$F$2:$F$130,0) -> 78 | H108: =IF(F108>=0.94,25,IF(F108>=0.928,22,IF(F108>=0.912,19,IF(F108>=0.89,16,IF(F108>=0.868,13,IF(F108>=0.84,10,IF(F108>=0.8,7,IF(F108>0.6,4,"")))))))) -> 16 | I108: 15 | K108: =D108+E108+H108+I108+J108 -> 91
A109: 嚴秉祥 | B109: 電子碩 / IEE | C109: 314510228 | D109: 40 | E109: 20 | F109: 0.8865 | G109: =RANK(F109,$F$2:$F$130,0) -> 93 | H109: =IF(F109>=0.94,25,IF(F109>=0.928,22,IF(F109>=0.912,19,IF(F109>=0.89,16,IF(F109>=0.868,13,IF(F109>=0.84,10,IF(F109>=0.8,7,IF(F109>0.6,4,"")))))))) -> 13 | I109: 9 | K109: =D109+E109+H109+I109+J109 -> 82
A110: 黃長隆 | B110: 電子碩 / IEE | C110: 314510230 | D110: 35 | E110: 15 | F110: 0.8831 | G110: =RANK(F110,$F$2:$F$130,0) -> 101 | H110: =IF(F110>=0.94,25,IF(F110>=0.928,22,IF(F110>=0.912,19,IF(F110>=0.89,16,IF(F110>=0.868,13,IF(F110>=0.84,10,IF(F110>=0.8,7,IF(F110>0.6,4,"")))))))) -> 13 | I110: 7 | K110: =D110+E110+H110+I110+J110 -> 70 | L110: 未附上截圖
A111: 邱達綸 | B111: 電子碩 / IEE | C111: 314510232 | D111: 40 | E111: 20 | F111: 0.8571 | G111: =RANK(F111,$F$2:$F$130,0) -> 117 | H111: =IF(F111>=0.94,25,IF(F111>=0.928,22,IF(F111>=0.912,19,IF(F111>=0.89,16,IF(F111>=0.868,13,IF(F111>=0.84,10,IF(F111>=0.8,7,IF(F111>0.6,4,"")))))))) -> 10 | I111: 10 | K111: =D111+E111+H111+I111+J111 -> 80
A112: 陳威仁 | B112: 電機碩 / GEE | C112: 314511038 | D112: 40 | E112: 20 | F112: 0.9136 | G112: =RANK(F112,$F$2:$F$130,0) -> 55 | H112: =IF(F112>=0.94,25,IF(F112>=0.928,22,IF(F112>=0.912,19,IF(F112>=0.89,16,IF(F112>=0.868,13,IF(F112>=0.84,10,IF(F112>=0.8,7,IF(F112>0.6,4,"")))))))) -> 19 | I112: 11 | K112: =D112+E112+H112+I112+J112 -> 90
A113: 彭康軒 | B113: 電機碩 / GEE | C113: 314511040 | D113: 40 | E113: 20 | F113: 0.9415 | G113: =RANK(F113,$F$2:$F$130,0) -> 6 | H113: =IF(F113>=0.94,25,IF(F113>=0.928,22,IF(F113>=0.912,19,IF(F113>=0.89,16,IF(F113>=0.868,13,IF(F113>=0.84,10,IF(F113>=0.8,7,IF(F113>0.6,4,"")))))))) -> 25 | I113: 10 | K113: =D113+E113+H113+I113+J113 -> 95
A114: 陳映汝 | B114: 電機碩 / GEE | C114: 314511059 | D114: 40 | E114: 20 | F114: 0.8897 | G114: =RANK(F114,$F$2:$F$130,0) -> 86 | H114: =IF(F114>=0.94,25,IF(F114>=0.928,22,IF(F114>=0.912,19,IF(F114>=0.89,16,IF(F114>=0.868,13,IF(F114>=0.84,10,IF(F114>=0.8,7,IF(F114>0.6,4,"")))))))) -> 13 | I114: 12 | K114: =D114+E114+H114+I114+J114 -> 85
A115: 邱仕逸 | B115: 電控碩 / ICN | C115: 314512025 | D115: 40 | E115: 20 | F115: 0.8724 | G115: =RANK(F115,$F$2:$F$130,0) -> 108 | H115: =IF(F115>=0.94,25,IF(F115>=0.928,22,IF(F115>=0.912,19,IF(F115>=0.89,16,IF(F115>=0.868,13,IF(F115>=0.84,10,IF(F115>=0.8,7,IF(F115>0.6,4,"")))))))) -> 13 | I115: 11 | K115: =D115+E115+H115+I115+J115 -> 84
A116: 郭伊婷 | B116: 電信碩 / ECM | C116: 314513086 | D116: 40 | E116: 20 | F116: 0.864 | G116: =RANK(F116,$F$2:$F$130,0) -> 114 | H116: =IF(F116>=0.94,25,IF(F116>=0.928,22,IF(F116>=0.912,19,IF(F116>=0.89,16,IF(F116>=0.868,13,IF(F116>=0.84,10,IF(F116>=0.8,7,IF(F116>0.6,4,"")))))))) -> 10 | I116: 11 | K116: =D116+E116+H116+I116+J116 -> 81
A117: 梁皓鈞 | B117: 前瞻半導體 / Pio-SEMI | C117: 314580042 | D117: 40 | E117: 20 | F117: 0.9248 | G117: =RANK(F117,$F$2:$F$130,0) -> 33 | H117: =IF(F117>=0.94,25,IF(F117>=0.928,22,IF(F117>=0.912,19,IF(F117>=0.89,16,IF(F117>=0.868,13,IF(F117>=0.84,10,IF(F117>=0.8,7,IF(F117>0.6,4,"")))))))) -> 19 | I117: 12 | K117: =D117+E117+H117+I117+J117 -> 91
A118: 許立勛 | B118: 前瞻半導體 / Pio-SEMI | C118: 314580044 | D118: 40 | E118: 20 | F118: 0.9277 | G118: =RANK(F118,$F$2:$F$130,0) -> 26 | H118: =IF(F118>=0.94,25,IF(F118>=0.928,22,IF(F118>=0.912,19,IF(F118>=0.89,16,IF(F118>=0.868,13,IF(F118>=0.84,10,IF(F118>=0.8,7,IF(F118>0.6,4,"")))))))) -> 19 | I118: 11 | K118: =D118+E118+H118+I118+J118 -> 90
A119: 梁文熏 | B119: 前瞻半導體 / Pio-SEMI | C119: 314580048 | D119: 40 | E119: 20 | F119: 0.9295 | G119: =RANK(F119,$F$2:$F$130,0) -> 23 | H119: =IF(F119>=0.94,25,IF(F119>=0.928,22,IF(F119>=0.912,19,IF(F119>=0.89,16,IF(F119>=0.868,13,IF(F119>=0.84,10,IF(F119>=0.8,7,IF(F119>0.6,4,"")))))))) -> 22 | I119: 11 | K119: =D119+E119+H119+I119+J119 -> 93
A120: 王昱棨 | B120: 前瞻半導體 / Pio-SEMI | C120: 314580052 | D120: 40 | E120: 20 | F120: 0.8516 | G120: =RANK(F120,$F$2:$F$130,0) -> 120 | H120: =IF(F120>=0.94,25,IF(F120>=0.928,22,IF(F120>=0.912,19,IF(F120>=0.89,16,IF(F120>=0.868,13,IF(F120>=0.84,10,IF(F120>=0.8,7,IF(F120>0.6,4,"")))))))) -> 10 | I120: 11 | K120: =D120+E120+H120+I120+J120 -> 81
A121: 林品勳 | B121: 智能系統 / AI System | C121: 314581011 | D121: 40 | E121: 20 | F121: 0.9056 | G121: =RANK(F121,$F$2:$F$130,0) -> 65 | H121: =IF(F121>=0.94,25,IF(F121>=0.928,22,IF(F121>=0.912,19,IF(F121>=0.89,16,IF(F121>=0.868,13,IF(F121>=0.84,10,IF(F121>=0.8,7,IF(F121>0.6,4,"")))))))) -> 16 | I121: 10 | K121: =D121+E121+H121+I121+J121 -> 86
A122: 褚柏均 | B122: 智能系統 / AI System | C122: 314581044 | D122: 40 | E122: 20 | F122: 0.9094 | G122: =RANK(F122,$F$2:$F$130,0) -> 58 | H122: =IF(F122>=0.94,25,IF(F122>=0.928,22,IF(F122>=0.912,19,IF(F122>=0.89,16,IF(F122>=0.868,13,IF(F122>=0.84,10,IF(F122>=0.8,7,IF(F122>0.6,4,"")))))))) -> 16 | I122: 8 | K122: =D122+E122+H122+I122+J122 -> 84
... A126: 張子音 | B126: 電子博 / IEE | C126: 413510023 | D126: 40 | E126: 20 | F126: 0.8419 | G126: =RANK(F126,$F$2:$F$130,0) -> 124 | H126: =IF(F126>=0.94,25,IF(F126>=0.928,22,IF(F126>=0.912,19,IF(F126>=0.89,16,IF(F126>=0.868,13,IF(F126>=0.84,10,IF(F126>=0.8,7,IF(F126>0.6,4,"")))))))) -> 10 | I126: 12 | K126: =D126+E126+H126+I126+J126 -> 82
A127: 楊旻頤 | B127: 清華研 | C127: a131051 | D127: 40 | E127: 20 | F127: 0.8564 | G127: =RANK(F127,$F$2:$F$130,0) -> 118 | H127: =IF(F127>=0.94,25,IF(F127>=0.928,22,IF(F127>=0.912,19,IF(F127>=0.89,16,IF(F127>=0.868,13,IF(F127>=0.84,10,IF(F127>=0.8,7,IF(F127>0.6,4,"")))))))) -> 10 | I127: 9 | K127: =D127+E127+H127+I127+J127 -> 79
A128: 劉姿妤 | B128: 清華研 | C128: a141078 | D128: 40 | E128: 20 | F128: 0.8691 | G128: =RANK(F128,$F$2:$F$130,0) -> 111 | H128: =IF(F128>=0.94,25,IF(F128>=0.928,22,IF(F128>=0.912,19,IF(F128>=0.89,16,IF(F128>=0.868,13,IF(F128>=0.84,10,IF(F128>=0.8,7,IF(F128>0.6,4,"")))))))) -> 13 | I128: 11 | K128: =D128+E128+H128+I128+J128 -> 84
A129: 林孟璇 | B129: 清華研 | C129: a141134 | D129: 40 | E129: 20 | F129: 0.8866 | G129: =RANK(F129,$F$2:$F$130,0) -> 92 | H129: =IF(F129>=0.94,25,IF(F129>=0.928,22,IF(F129>=0.912,19,IF(F129>=0.89,16,IF(F129>=0.868,13,IF(F129>=0.84,10,IF(F129>=0.8,7,IF(F129>0.6,4,"")))))))) -> 13 | I129: 12 | K129: =D129+E129+H129+I129+J129 -> 85
A130: 陳侑杰 | B130: 清華研 | C130: v111076 | D130: 40 | E130: 20 | F130: 0.8867 | G130: =RANK(F130,$F$2:$F$130,0) -> 91 | H130: =IF(F130>=0.94,25,IF(F130>=0.928,22,IF(F130>=0.912,19,IF(F130>=0.89,16,IF(F130>=0.868,13,IF(F130>=0.84,10,IF(F130>=0.8,7,IF(F130>0.6,4,"")))))))) -> 13 | I130: 10 | K130: =D130+E130+H130+I130+J130 -> 83
H131: =AVERAGEIF(H2:H130,">0") -> 16.585938 | I131: =AVERAGEIF(I2:I130,">0") -> 11.46875 | K131: =AVERAGEIF(K2:K130,">0") -> 87.351562
...

Sheet Lab02
A1: =30*0.7 -> 21 | B1: 所屬系所 | C1: 學號 | D1: Architecture Check | E1: Task1 (30%) | F1: Task2 (30%) | G1: Report (30%) | H1: Test MAE | I1: Perf. Score (10%) | J1: Naming Error | K1: Total | L1: Note
A2: 林知翰 | B2: 土木系 / DCV | C2: 0811254 | D2: ✓ | E2: =IF(ISBLANK($D2),0,30-VLOOKUP($D2, $D$133:$E$149, 2, FALSE)) -> 30 | F2: 30 | G2: 22 | I2: =IF(ISBLANK($H2),0,INDEX({10,8.75,7.5,6.25,5,3.75,2.5,1.25},IFERROR(MATCH($H2,$H$135:$H$141,1),0)+1)) -> 0 | K2: =E2+F2+I2+G2+J2 -> 82 | L2: Checkpoint parsing error
A3: 林品妤 | B3: 醫工系 / BME | C3: 111261022 | D3: recursive layer | E3: =IF(ISBLANK($D3),0,30-VLOOKUP($D3, $D$133:$E$149, 2, FALSE)) -> 25 | F3: 0 | G3: 28 | H3: 4.4225 | I3: =IF(ISBLANK($H3),0,INDEX({10,8.75,7.5,6.25,5,3.75,2.5,1.25},IFERROR(MATCH($H3,$H$135:$H$141,1),0)+1)) -> 1.25 | K3: =E3+F3+I3+G3+J3 -> 54.25
A4: 趙立榆 | B4: 電機系 / UEE | C4: 111511003 | E4: =IF(ISBLANK($D4),0,30-VLOOKUP($D4, $D$133:$E$149, 2, FALSE)) -> 0 | I4: =IF(ISBLANK($H4),0,INDEX({10,8.75,7.5,6.25,5,3.75,2.5,1.25},IFERROR(MATCH($H4,$H$135:$H$141,1),0)+1)) -> 0 | K4: =E4+F4+I4+G4+J4 -> 0 | L4: No submission
A5: 劉邦榆 | B5: 電機系 / UEE | C5: 111511005 | E5: =IF(ISBLANK($D5),0,30-VLOOKUP($D5, $D$133:$E$149, 2, FALSE)) -> 0 | I5: =IF(ISBLANK($H5),0,INDEX({10,8.75,7.5,6.25,5,3.75,2.5,1.25},IFERROR(MATCH($H5,$H$135:$H$141,1),0)+1)) -> 0 | K5: =E5+F5+I5+G5+J5 -> 0 | L5: No submission
A6: 林后辰 | B6: 電機系 / UEE | C6: 111511009 | D6: ✓ | E6: =IF(ISBLANK($D6),0,30-VLOOKUP($D6, $D$133:$E$149, 2, FALSE)) -> 30 | F6: 30 | G6: 27 | H6: 2.4175 | I6: =IF(ISBLANK($H6),0,INDEX({10,8.75,7.5,6.25,5,3.75,2.5,1.25},IFERROR(MATCH($H6,$H$135:$H$141,1),0)+1)) -> 10 | K6: =E6+F6+I6+G6+J6 -> 97
A7: 莊之睿 | B7: 電機系 / UEE | C7: 111511010 | D7: ✓ | E7: =IF(ISBLANK($D7),0,30-VLOOKUP($D7, $D$133:$E$149, 2, FALSE)) -> 30 | F7: 30 | G7: 26 | H7: 3.0392 | I7: =IF(ISBLANK($H7),0,INDEX({10,8.75,7.5,6.25,5,3.75,2.5,1.25},IFERROR(MATCH($H7,$H$135:$H$141,1),0)+1)) -> 6.25 | K7: =E7+F7+I7+G7+J7 -> 92.25
A8: 郭弋愷 | B8: 電機系 / UEE | C8: 111511057 | D8: LDB #channel mismatch | E8: =IF(ISBLANK($D8),0,30-VLOOKUP($D8, $D$133:$E$149, 2, FALSE)) -> 20 | F8: 30 | G8: 28 | H8: 2.7422 | I8: =IF(ISBLANK($H8),0,INDEX({10,8.75,7.5,6.25,5,3.75,2.5,1.25},IFERROR(MATCH($H8,$H$135:$H$141,1),0)+1)) -> 8.75 | K8: =E8+F8+I8+G8+J8 -> 86.75
A9: 茆鎮育 | B9: 電機系 / UEE | C9: 111511059 | E9: =IF(ISBLANK($D9),0,30-VLOOKUP($D9, $D$133:$E$149, 2, FALSE)) -> 0 | I9: =IF(ISBLANK($H9),0,INDEX({10,8.75,7.5,6.25,5,3.75,2.5,1.25},IFERROR(MATCH($H9,$H$135:$H$141,1),0)+1)) -> 0 | K9: =E9+F9+I9+G9+J9 -> 0 | L9: No submission
A10: 簡宗弘 | B10: 電機系 / UEE | C10: 111511093 | D10: ✓ | E10: =IF(ISBLANK($D10),0,30-VLOOKUP($D10, $D$133:$E$149, 2, FALSE)) -> 30 | F10: 30 | G10: 23 | H10: 2.9736 | I10: =IF(ISBLANK($H10),0,INDEX({10,8.75,7.5,6.25,5,3.75,2.5,1.25},IFERROR(MATCH($H10,$H$135:$H$141,1),0)+1)) -> 6.25 | K10: =E10+F10+I10+G10+J10 -> 89.25
A11: 林守凡 | B11: 電機系 / UEE | C11: 111511095 | D11: ✓ | E11: =IF(ISBLANK($D11),0,30-VLOOKUP($D11, $D$133:$E$149, 2, FALSE)) -> 30 | F11: 30 | G11: 23 | H11: 3.1307 | I11: =IF(ISBLANK($H11),0,INDEX({10,8.75,7.5,6.25,5,3.75,2.5,1.25},IFERROR(MATCH($H11,$H$135:$H$141,1),0)+1)) -> 5 | K11: =E11+F11+I11+G11+J11 -> 88
A12: 陳禹丞 | B12: 電機系 / UEE | C12: 111511099 | D12: connectivity error | E12: =IF(ISBLANK($D12),0,30-VLOOKUP($D12, $D$133:$E$149, 2, FALSE)) -> 22.5 | F12: 0 | G12: 24 | H12: 2.5855 | I12: =IF(ISBLANK($H12),0,INDEX({10,8.75,7.5,6.25,5,3.75,2.5,1.25},IFERROR(MATCH($H12,$H$135:$H$141,1),0)+1)) -> 8.75 | K12: =E12+F12+I12+G12+J12 -> 55.25
A13: 陳郡佑 | B13: 電機系 / UEE | C13: 111511158 | D13: ✓ | E13: =IF(ISBLANK($D13),0,30-VLOOKUP($D13, $D$133:$E$149, 2, FALSE)) -> 30 | F13: 30 | G13: 24 | H13: 3.9134 | I13: =IF(ISBLANK($H13),0,INDEX({10,8.75,7.5,6.25,5,3.75,2.5,1.25},IFERROR(MATCH($H13,$H$135:$H$141,1),0)+1)) -> 2.5 | K13: =E13+F13+I13+G13+J13 -> 86.5
A14: 劉哲丞 | B14: 電機系 / UEE | C14: 111511163 | D14: LDB #layer mismatch | E14: =IF(ISBLANK($D14),0,30-VLOOKUP($D14, $D$133:$E$149, 2, FALSE)) -> 15 | F14: 30 | G14: 18 | H14: 13.2835 | I14: =IF(ISBLANK($H14),0,INDEX({10,8.75,7.5,6.25,5,3.75,2.5,1.25},IFERROR(MATCH($H14,$H$135:$H$141,1),0)+1)) -> 1.25 | K14: =E14+F14+I14+G14+J14 -> 64.25
A15: 鍾宗揚 | B15: 電機系 / UEE | C15: 111511186 | D15: ✓ | E15: =IF(ISBLANK($D15),0,30-VLOOKUP($D15, $D$133:$E$149, 2, FALSE)) -> 30 | F15: 30 | G15: 20 | H15: 3.1679 | I15: =IF(ISBLANK($H15),0,INDEX({10,8.75,7.5,6.25,5,3.75,2.5,1.25},IFERROR(MATCH($H15,$H$135:$H$141,1),0)+1)) -> 5 | K15: =E15+F15+I15+G15+J15 -> 85
A16: 林文遠 | B16: 電機系 / UEE | C16: 111511208 | D16: connectivity error | E16: =IF(ISBLANK($D16),0,30-VLOOKUP($D16, $D$133:$E$149, 2, FALSE)) -> 22.5 | F16: 30 | G16: 21 | H16: 3.1631 | I16: =IF(ISBLANK($H16),0,INDEX({10,8.75,7.5,6.25,5,3.75,2.5,1.25},IFERROR(MATCH($H16,$H$135:$H$141,1),0)+1)) -> 5 | K16: =E16+F16+I16+G16+J16 -> 78.5
A17: 賴柏任 | B17: 電機系 / UEE | C17: 111511211 | D17: ✓ | E17: =IF(ISBLANK($D17),0,30-VLOOKUP($D17, $D$133:$E$149, 2, FALSE)) -> 30 | F17: 30 | G17: 24 | H17: 2.8188 | I17: =IF(ISBLANK($H17),0,INDEX({10,8.75,7.5,6.25,5,3.75,2.5,1.25},IFERROR(MATCH($H17,$H$135:$H$141,1),0)+1)) -> 7.5 | K17: =E17+F17+I17+G17+J17 -> 91.5
A18: 王乙棠 | B18: 電機系 / UEE | C18: 111511240 | D18: LDB 1x1Conv missing | E18: =IF(ISBLANK($D18),0,30-VLOOKUP($D18, $D$133:$E$149, 2, FALSE)) -> 20 | F18: 30 | G18: 27 | H18: 2.6645 | I18: =IF(ISBLANK($H18),0,INDEX({10,8.75,7.5,6.25,5,3.75,2.5,1.25},IFERROR(MATCH($H18,$H$135:$H$141,1),0)+1)) -> 8.75 | K18: =E18+F18+I18+G18+J18 -> 85.75
A19: 李宇翔 | B19: 電機系 / UEE | C19: 111511247 | D19: ✓ | E19: =IF(ISBLANK($D19),0,30-VLOOKUP($D19, $D$133:$E$149, 2, FALSE)) -> 30 | F19: 30 | G19: 26 | H19: 3.2929 | I19: =IF(ISBLANK($H19),0,INDEX({10,8.75,7.5,6.25,5,3.75,2.5,1.25},IFERROR(MATCH($H19,$H$135:$H$141,1),0)+1)) -> 3.75 | K19: =E19+F19+I19+G19+J19 -> 89.75
A20: 李昱承 | B20: 電機系 / UEE | C20: 111511249 | D20: Transition wrong layer order | E20: =IF(ISBLANK($D20),0,30-VLOOKUP($D20, $D$133:$E$149, 2, FALSE)) -> 20 | F20: 30 | G20: 22 | H20: 2.7938 | I20: =IF(ISBLANK($H20),0,INDEX({10,8.75,7.5,6.25,5,3.75,2.5,1.25},IFERROR(MATCH($H20,$H$135:$H$141,1),0)+1)) -> 7.5 | K20: =E20+F20+I20+G20+J20 -> 79.5
A21: 鄭丞佑 | B21: 電機系 / UEE | C21: 111511253 | D21: ✓ | E21: =IF(ISBLANK($D21),0,30-VLOOKUP($D21, $D$133:$E$149, 2, FALSE)) -> 30 | F21: 30 | G21: 19 | H21: 3.741 | I21: =IF(ISBLANK($H21),0,INDEX({10,8.75,7.5,6.25,5,3.75,2.5,1.25},IFERROR(MATCH($H21,$H$135:$H$141,1),0)+1)) -> 2.5 | K21: =E21+F21+I21+G21+J21 -> 81.5
... A23: 洪偉軒 | B23: 電機系 / UEE | C23: 111511263 | D23: ✓ | E23: =IF(ISBLANK($D23),0,30-VLOOKUP($D23, $D$133:$E$149, 2, FALSE)) -> 30 | F23: 30 | G23: 22 | H23: 3.9489 | I23: =IF(ISBLANK($H23),0,INDEX({10,8.75,7.5,6.25,5,3.75,2.5,1.25},IFERROR(MATCH($H23,$H$135:$H$141,1),0)+1)) -> 1.25 | K23: =E23+F23+I23+G23+J23 -> 83.25
A24: 陳沿霖 | B24: 電機系 / UEE | C24: 111511273 | E24: =IF(ISBLANK($D24),0,30-VLOOKUP($D24, $D$133:$E$149, 2, FALSE)) -> 0 | F24: 30 | G24: 22 | I24: =IF(ISBLANK($H24),0,INDEX({10,8.75,7.5,6.25,5,3.75,2.5,1.25},IFERROR(MATCH($H24,$H$135:$H$141,1),0)+1)) -> 0 | K24: =E24+F24+I24+G24+J24 -> 52 | L24: Empty python file
A25: 黃治鈞 | B25: 電機系 / UEE | C25: 111511306 | D25: ✓ | E25: =IF(ISBLANK($D25),0,30-VLOOKUP($D25, $D$133:$E$149, 2, FALSE)) -> 30 | F25: 30 | G25: 23 | H25: 3.102 | I25: =IF(ISBLANK($H25),0,INDEX({10,8.75,7.5,6.25,5,3.75,2.5,1.25},IFERROR(MATCH($H25,$H$135:$H$141,1),0)+1)) -> 5 | K25: =E25+F25+I25+G25+J25 -> 88
A26: 唐以理 | B26: 電機系 / UEE | C26: 111511307 | D26: ✓ | E26: =IF(ISBLANK($D26),0,30-VLOOKUP($D26, $D$133:$E$149, 2, FALSE)) -> 30 | F26: 30 | G26: 25 | H26: 3.0752 | I26: =IF(ISBLANK($H26),0,INDEX({10,8.75,7.5,6.25,5,3.75,2.5,1.25},IFERROR(MATCH($H26,$H$135:$H$141,1),0)+1)) -> 5 | K26: =E26+F26+I26+G26+J26 -> 90
A27: 陳奕廷 | B27: 電機系 / UEE | C27: 111511308 | D27: Stem layer error | E27: =IF(ISBLANK($D27),0,30-VLOOKUP($D27, $D$133:$E$149, 2, FALSE)) -> 15 | F27: 30 | G27: 23 | H27: 3.2133 | I27: =IF(ISBLANK($H27),0,INDEX({10,8.75,7.5,6.25,5,3.75,2.5,1.25},IFERROR(MATCH($H27,$H$135:$H$141,1),0)+1)) -> 3.75 | K27: =E27+F27+I27+G27+J27 -> 71.75
A28: 薛天其 | B28: 電機系 / UEE | C28: 111610032 | D28: ✓ | E28: =IF(ISBLANK($D28),0,30-VLOOKUP($D28, $D$133:$E$149, 2, FALSE)) -> 30 | F28: 30 | G28: 26 | H28: 2.8388 | I28: =IF(ISBLANK($H28),0,INDEX({10,8.75,7.5,6.25,5,3.75,2.5,1.25},IFERROR(MATCH($H28,$H$135:$H$141,1),0)+1)) -> 7.5 | J28: -5 | K28: =E28+F28+I28+G28+J28 -> 88.5 | L28: Incomplete file name (no extension)
A29: 林柏伸 | B29: 電機系 / UEE | C29: 111611088 | D29: ✓ | E29: =IF(ISBLANK($D29),0,30-VLOOKUP($D29, $D$133:$E$149, 2, FALSE)) -> 30 | F29: 30 | G29: 25 | H29: 2.6097 | I29: =IF(ISBLANK($H29),0,INDEX({10,8.75,7.5,6.25,5,3.75,2.5,1.25},IFERROR(MATCH($H29,$H$135:$H$141,1),0)+1)) -> 8.75 | K29: =E29+F29+I29+G29+J29 -> 93.75
A30: 謝歷恩 | B30: 電機系 / UEE | C30: 111651009 | D30: LDB reduce 3x3Conv missing | E30: =IF(ISBLANK($D30),0,30-VLOOKUP($D30, $D$133:$E$149, 2, FALSE)) -> 20 | F30: 30 | G30: 27 | H30: 2.9458 | I30: =IF(ISBLANK($H30),0,INDEX({10,8.75,7.5,6.25,5,3.75,2.5,1.25},IFERROR(MATCH($H30,$H$135:$H$141,1),0)+1)) -> 6.25 | K30: =E30+F30+I30+G30+J30 -> 83.25
A31: 鐘邦郡 | B31: 資工系 / DCP | C31: 111652031 | D31: ✓ | E31: =IF(ISBLANK($D31),0,30-VLOOKUP($D31, $D$133:$E$149, 2, FALSE)) -> 30 | F31: 30 | G31: 25 | H31: 2.8478 | I31: =IF(ISBLANK($H31),0,INDEX({10,8.75,7.5,6.25,5,3.75,2.5,1.25},IFERROR(MATCH($H31,$H$135:$H$141,1),0)+1)) -> 7.5 | K31: =E31+F31+I31+G31+J31 -> 92.5
A32: 吳俊叡 | B32: 電機系 / UEE | C32: 112511152 | D32: ✓ | E32: =IF(ISBLANK($D32),0,30-VLOOKUP($D32, $D$133:$E$149, 2, FALSE)) -> 30 | F32: 30 | G32: 23 | I32: =IF(ISBLANK($H32),0,INDEX({10,8.75,7.5,6.25,5,3.75,2.5,1.25},IFERROR(MATCH($H32,$H$135:$H$141,1),0)+1)) -> 0 | K32: =E32+F32+I32+G32+J32 -> 83 | L32: Checkpoint parsing error
A33: 黃子倫 | B33: 電子碩 / IEE | C33: 311510190 | D33: LDB #layer mismatch | E33: =IF(ISBLANK($D33),0,30-VLOOKUP($D33, $D$133:$E$149, 2, FALSE)) -> 15 | F33: 0 | G33: 23 | H33: 2.9431 | I33: =IF(ISBLANK($H33),0,INDEX({10,8.75,7.5,6.25,5,3.75,2.5,1.25},IFERROR(MATCH($H33,$H$135:$H$141,1),0)+1)) -> 6.25 | K33: =E33+F33+I33+G33+J33 -> 44.25 | L33: No Task2 screenshot
A34: 林益葳 | B34: 電子博 / IEE | C34: 311515050 | D34: LDB #layer mismatch | E34: =IF(ISBLANK($D34),0,30-VLOOKUP($D34, $D$133:$E$149, 2, FALSE)) -> 15 | F34: 30 | G34: 22 | H34: 3.5576 | I34: =IF(ISBLANK($H34),0,INDEX({10,8.75,7.5,6.25,5,3.75,2.5,1.25},IFERROR(MATCH($H34,$H$135:$H$141,1),0)+1)) -> 2.5 | K34: =E34+F34+I34+G34+J34 -> 69.5
A35: 張譽耀 | B35: 電子碩 / IEE | C35: 312510067 | D35: connectivity error | E35: =IF(ISBLANK($D35),0,30-VLOOKUP($D35, $D$133:$E$149, 2, FALSE)) -> 22.5 | F35: 30 | G35: 23 | H35: 2.8125 | I35: =IF(ISBLANK($H35),0,INDEX({10,8.75,7.5,6.25,5,3.75,2.5,1.25},IFERROR(MATCH($H35,$H$135:$H$141,1),0)+1)) -> 7.5 | K35: =E35+F35+I35+G35+J35 -> 83
A36: 邱棋胤 | B36: 電子碩 / IEE | C36: 312510123 | D36: ✓ | E36: =IF(ISBLANK($D36),0,30-VLOOKUP($D36, $D$133:$E$149, 2, FALSE)) -> 30 | F36: 30 | G36: 22 | H36: 2.1993 | I36: =IF(ISBLANK($H36),0,INDEX({10,8.75,7.5,6.25,5,3.75,2.5,1.25},IFERROR(MATCH($H36,$H$135:$H$141,1),0)+1)) -> 10 | K36: =E36+F36+I36+G36+J36 -> 92
A37: 黃建廷 | B37: 電機碩 / GEE | C37: 312511041 | D37: ✓ | E37: =IF(ISBLANK($D37),0,30-VLOOKUP($D37, $D$133:$E$149, 2, FALSE)) -> 30 | F37: 30 | G37: 22 | H37: 2.9846 | I37: =IF(ISBLANK($H37),0,INDEX({10,8.75,7.5,6.25,5,3.75,2.5,1.25},IFERROR(MATCH($H37,$H$135:$H$141,1),0)+1)) -> 6.25 | K37: =E37+F37+I37+G37+J37 -> 88.25
A38: 余唯愷 | B38: 電子博 / IEE | C38: 312580021 | D38: ✓ | E38: =IF(ISBLANK($D38),0,30-VLOOKUP($D38, $D$133:$E$149, 2, FALSE)) -> 30 | F38: 30 | G38: 26 | H38: 2.8518 | I38: =IF(ISBLANK($H38),0,INDEX({10,8.75,7.5,6.25,5,3.75,2.5,1.25},IFERROR(MATCH($H38,$H$135:$H$141,1),0)+1)) -> 7.5 | K38: =E38+F38+I38+G38+J38 -> 93.5
A39: 胡芮墉 | B39: 電機碩 / GEE | C39: 312580041 | D39: connectivity error | E39: =IF(ISBLANK($D39),0,30-VLOOKUP($D39, $D$133:$E$149, 2, FALSE)) -> 22.5 | F39: 30 | G39: 21 | H39: 2.9029 | I39: =IF(ISBLANK($H39),0,INDEX({10,8.75,7.5,6.25,5,3.75,2.5,1.25},IFERROR(MATCH($H39,$H$135:$H$141,1),0)+1)) -> 7.5 | K39: =E39+F39+I39+G39+J39 -> 81
A40: 陳沛鴻 | B40: 前瞻半導體 / Pio-SEMI | C40: 312580072 | E40: =IF(ISBLANK($D40),0,30-VLOOKUP($D40, $D$133:$E$149, 2, FALSE)) -> 0 | I40: =IF(ISBLANK($H40),0,INDEX({10,8.75,7.5,6.25,5,3.75,2.5,1.25},IFERROR(MATCH($H40,$H$135:$H$141,1),0)+1)) -> 0 | K40: =E40+F40+I40+G40+J40 -> 0 | L40: No submission
A41: 林志勳 | B41: 半導體碩 / CST | C41: 312591041 | D41: ✓ | E41: =IF(ISBLANK($D41),0,30-VLOOKUP($D41, $D$133:$E$149, 2, FALSE)) -> 30 | F41: 30 | G41: 21 | H41: 3.089 | I41: =IF(ISBLANK($H41),0,INDEX({10,8.75,7.5,6.25,5,3.75,2.5,1.25},IFERROR(MATCH($H41,$H$135:$H$141,1),0)+1)) -> 5 | K41: =E41+F41+I41+G41+J41 -> 86
A42: 顧冠群 | B42: 人工智慧 / AIG | C42: 313505013 | D42: LDB reduce 3x3Conv missing | E42: =IF(ISBLANK($D42),0,30-VLOOKUP($D42, $D$133:$E$149, 2, FALSE)) -> 20 | F42: 30 | G42: 24 | H42: 2.9321 | I42: =IF(ISBLANK($H42),0,INDEX({10,8.75,7.5,6.25,5,3.75,2.5,1.25},IFERROR(MATCH($H42,$H$135:$H$141,1),0)+1)) -> 6.25 | K42: =E42+F42+I42+G42+J42 -> 80.25
A43: 施雨靈 | B43: 電子碩 / IEE | C43: 313510001 | D43: LDB #block mismatch | E43: =IF(ISBLANK($D43),0,30-VLOOKUP($D43, $D$133:$E$149, 2, FALSE)) -> 20 | F43: 30 | G43: 23 | H43: 4.083 | I43: =IF(ISBLANK($H43),0,INDEX({10,8.75,7.5,6.25,5,3.75,2.5,1.25},IFERROR(MATCH($H43,$H$135:$H$141,1),0)+1)) -> 1.25 | K43: =E43+F43+I43+G43+J43 -> 74.25
A44: 陳楷棋 | B44: 電子碩 / IEE | C44: 313510134 | D44: LDB reduce 3x3Conv missing | E44: =IF(ISBLANK($D44),0,30-VLOOKUP($D44, $D$133:$E$149, 2, FALSE)) -> 20 | F44: 30 | G44: 27 | H44: 3.3562 | I44: =IF(ISBLANK($H44),0,INDEX({10,8.75,7.5,6.25,5,3.75,2.5,1.25},IFERROR(MATCH($H44,$H$135:$H$141,1),0)+1)) -> 3.75 | K44: =E44+F44+I44+G44+J44 -> 80.75
A45: 陳柏翔 | B45: 電子碩 / IEE | C45: 313510156 | D45: Transition wrong layer order | E45: =IF(ISBLANK($D45),0,30-VLOOKUP($D45, $D$133:$E$149, 2, FALSE)) -> 20 | F45: 30 | G45: 28 | H45: 3.119 | I45: =IF(ISBLANK($H45),0,INDEX({10,8.75,7.5,6.25,5,3.75,2.5,1.25},IFERROR(MATCH($H45,$H$135:$H$141,1),0)+1)) -> 5 | K45: =E45+F45+I45+G45+J45 -> 83
A46: 余姿燕 | B46: 電子碩 / IEE | C46: 313510159 | D46: ✓ | E46: =IF(ISBLANK($D46),0,30-VLOOKUP($D46, $D$133:$E$149, 2, FALSE)) -> 30 | F46: 30 | G46: 26 | H46: 2.6746 | I46: =IF(ISBLANK($H46),0,INDEX({10,8.75,7.5,6.25,5,3.75,2.5,1.25},IFERROR(MATCH($H46,$H$135:$H$141,1),0)+1)) -> 8.75 | K46: =E46+F46+I46+G46+J46 -> 94.75
A47: 胡睿庭 | B47: 電子碩 / IEE | C47: 313510172 | D47: LDB 1x1Conv missing | E47: =IF(ISBLANK($D47),0,30-VLOOKUP($D47, $D$133:$E$149, 2, FALSE)) -> 20 | F47: 30 | G47: 23 | H47: 3.0355 | I47: =IF(ISBLANK($H47),0,INDEX({10,8.75,7.5,6.25,5,3.75,2.5,1.25},IFERROR(MATCH($H47,$H$135:$H$141,1),0)+1)) -> 6.25 | K47: =E47+F47+I47+G47+J47 -> 79.25
A48: 林槿茹 | B48: 電子碩 / IEE | C48: 313510178 | D48: connectivity error | E48: =IF(ISBLANK($D48),0,30-VLOOKUP($D48, $D$133:$E$149, 2, FALSE)) -> 22.5 | F48: 30 | G48: 27 | H48: 3.4166 | I48: =IF(ISBLANK($H48),0,INDEX({10,8.75,7.5,6.25,5,3.75,2.5,1.25},IFERROR(MATCH($H48,$H$135:$H$141,1),0)+1)) -> 2.5 | K48: =E48+F48+I48+G48+J48 -> 82
A49: 宋玉磊 | B49: 電子碩 / IEE | C49: 313510194 | D49: LDB layer type error | E49: =IF(ISBLANK($D49),0,30-VLOOKUP($D49, $D$133:$E$149, 2, FALSE)) -> 15 | F49: 30 | G49: 27 | H49: 3.0198 | I49: =IF(ISBLANK($H49),0,INDEX({10,8.75,7.5,6.25,5,3.75,2.5,1.25},IFERROR(MATCH($H49,$H$135:$H$141,1),0)+1)) -> 6.25 | K49: =E49+F49+I49+G49+J49 -> 78.25
A50: 吳彥忞 | B50: 電子碩 / IEE | C50: 313510196 | D50: ✓ | E50: =IF(ISBLANK($D50),0,30-VLOOKUP($D50, $D$133:$E$149, 2, FALSE)) -> 30 | F50: 30 | G50: 26 | H50: 3.4636 | I50: =IF(ISBLANK($H50),0,INDEX({10,8.75,7.5,6.25,5,3.75,2.5,1.25},IFERROR(MATCH($H50,$H$135:$H$141,1),0)+1)) -> 2.5 | K50: =E50+F50+I50+G50+J50 -> 88.5
A51: 廖紹閔 | B51: 電子碩 / IEE | C51: 313510212 | E51: =IF(ISBLANK($D51),0,30-VLOOKUP($D51, $D$133:$E$149, 2, FALSE)) -> 0 | I51: =IF(ISBLANK($H51),0,INDEX({10,8.75,7.5,6.25,5,3.75,2.5,1.25},IFERROR(MATCH($H51,$H$135:$H$141,1),0)+1)) -> 0 | K51: =E51+F51+I51+G51+J51 -> 0 | L51: No submission
A52: 王睿哲 | B52: 電子碩 / IEE | C52: 313510214 | D52: ✓ | E52: =IF(ISBLANK($D52),0,30-VLOOKUP($D52, $D$133:$E$149, 2, FALSE)) -> 30 | F52: 30 | G52: 26 | H52: 3.1267 | I52: =IF(ISBLANK($H52),0,INDEX({10,8.75,7.5,6.25,5,3.75,2.5,1.25},IFERROR(MATCH($H52,$H$135:$H$141,1),0)+1)) -> 5 | K52: =E52+F52+I52+G52+J52 -> 91
A53: 康鈞睿 | B53: 電子碩 / IEE | C53: 313510217 | D53: ✓ | E53: =IF(ISBLANK($D53),0,30-VLOOKUP($D53, $D$133:$E$149, 2, FALSE)) -> 30 | F53: 30 | G53: 25 | H53: 3.337 | I53: =IF(ISBLANK($H53),0,INDEX({10,8.75,7.5,6.25,5,3.75,2.5,1.25},IFERROR(MATCH($H53,$H$135:$H$141,1),0)+1)) -> 3.75 | K53: =E53+F53+I53+G53+J53 -> 88.75
A54: 李崇碩 | B54: 電子碩 / IEE | C54: 313510230 | D54: ✓ | E54: =IF(ISBLANK($D54),0,30-VLOOKUP($D54, $D$133:$E$149, 2, FALSE)) -> 30 | F54: 30 | G54: 26 | H54: 2.9965 | I54: =IF(ISBLANK($H54),0,INDEX({10,8.75,7.5,6.25,5,3.75,2.5,1.25},IFERROR(MATCH($H54,$H$135:$H$141,1),0)+1)) -> 6.25 | K54: =E54+F54+I54+G54+J54 -> 92.25
A55: 張皓庭 | B55: 電子碩 / IEE | C55: 313510234 | D55: ✓ | E55: =IF(ISBLANK($D55),0,30-VLOOKUP($D55, $D$133:$E$149, 2, FALSE)) -> 30 | F55: 30 | G55: 26 | H55: 3.2347 | I55: =IF(ISBLANK($H55),0,INDEX({10,8.75,7.5,6.25,5,3.75,2.5,1.25},IFERROR(MATCH($H55,$H$135:$H$141,1),0)+1)) -> 3.75 | K55: =E55+F55+I55+G55+J55 -> 89.75
A56: 陳冠辰 | B56: 電子碩 / IEE | C56: 313510237 | D56: ✓ | E56: =IF(ISBLANK($D56),0,30-VLOOKUP($D56, $D$133:$E$149, 2, FALSE)) -> 30 | F56: 30 | G56: 25 | H56: 2.8618 | I56: =IF(ISBLANK($H56),0,INDEX({10,8.75,7.5,6.25,5,3.75,2.5,1.25},IFERROR(MATCH($H56,$H$135:$H$141,1),0)+1)) -> 7.5 | K56: =E56+F56+I56+G56+J56 -> 92.5
A57: 阮楷勳 | B57: 電子碩 / IEE | C57: 313510244 | D57: LDB 1x1Conv missing | E57: =IF(ISBLANK($D57),0,30-VLOOKUP($D57, $D$133:$E$149, 2, FALSE)) -> 20 | F57: 30 | G57: 25 | H57: 2.5154 | I57: =IF(ISBLANK($H57),0,INDEX({10,8.75,7.5,6.25,5,3.75,2.5,1.25},IFERROR(MATCH($H57,$H$135:$H$141,1),0)+1)) -> 10 | K57: =E57+F57+I57+G57+J57 -> 85
A58: 鄭人傑 | B58: 電子碩 / IEE | C58: 313510245 | D58: connectivity error | E58: =IF(ISBLANK($D58),0,30-VLOOKUP($D58, $D$133:$E$149, 2, FALSE)) -> 22.5 | F58: 30 | G58: 23 | H58: 2.9355 | I58: =IF(ISBLANK($H58),0,INDEX({10,8.75,7.5,6.25,5,3.75,2.5,1.25},IFERROR(MATCH($H58,$H$135:$H$141,1),0)+1)) -> 6.25 | K58: =E58+F58+I58+G58+J58 -> 81.75
A59: 林柏言 | B59: 電控碩 / ICN | C59: 313512061 | D59: ✓ | E59: =IF(ISBLANK($D59),0,30-VLOOKUP($D59, $D$133:$E$149, 2, FALSE)) -> 30 | F59: 30 | G59: 24 | H59: 3.0747 | I59: =IF(ISBLANK($H59),0,INDEX({10,8.75,7.5,6.25,5,3.75,2.5,1.25},IFERROR(MATCH($H59,$H$135:$H$141,1),0)+1)) -> 5 | K59: =E59+F59+I59+G59+J59 -> 89
A60: 陳致融 | B60: 電信碩 / ECM | C60: 313513029 | D60: LDB #layer mismatch | E60: =IF(ISBLANK($D60),0,30-VLOOKUP($D60, $D$133:$E$149, 2, FALSE)) -> 15 | F60: 30 | G60: 25 | H60: 2.9113 | I60: =IF(ISBLANK($H60),0,INDEX({10,8.75,7.5,6.25,5,3.75,2.5,1.25},IFERROR(MATCH($H60,$H$135:$H$141,1),0)+1)) -> 7.5 | K60: =E60+F60+I60+G60+J60 -> 77.5
A61: 陳炘威 | B61: 電子博 / IEE | C61: 313580015 | D61: LDB reduce 3x3Conv missing | E61: =IF(ISBLANK($D61),0,30-VLOOKUP($D61, $D$133:$E$149, 2, FALSE)) -> 20 | F61: 30 | G61: 18 | H61: 3.1201 | I61: =IF(ISBLANK($H61),0,INDEX({10,8.75,7.5,6.25,5,3.75,2.5,1.25},IFERROR(MATCH($H61,$H$135:$H$141,1),0)+1)) -> 5 | K61: =E61+F61+I61+G61+J61 -> 73
A62: 吳瑞宸 | B62: 前瞻半導體 / Pio-SEMI | C62: 313580072 | D62: LDB #channel mismatch | E62: =IF(ISBLANK($D62),0,30-VLOOKUP($D62, $D$133:$E$149, 2, FALSE)) -> 20 | F62: 30 | G62: 25 | H62: 2.7506 | I62: =IF(ISBLANK($H62),0,INDEX({10,8.75,7.5,6.25,5,3.75,2.5,1.25},IFERROR(MATCH($H62,$H$135:$H$141,1),0)+1)) -> 8.75 | K62: =E62+F62+I62+G62+J62 -> 83.75
A63: 蘇宥嘉 | B63: 機器人碩士 / ROB | C63: 313605012 | D63: LDB #layer mismatch | E63: =IF(ISBLANK($D63),0,30-VLOOKUP($D63, $D$133:$E$149, 2, FALSE)) -> 15 | F63: 30 | G63: 22 | H63: 4.5965 | I63: =IF(ISBLANK($H63),0,INDEX({10,8.75,7.5,6.25,5,3.75,2.5,1.25},IFERROR(MATCH($H63,$H$135:$H$141,1),0)+1)) -> 1.25 | K63: =E63+F63+I63+G63+J63 -> 68.25
A64: 胡育豪 | B64: 人工智慧 / AIG | C64: 314505002 | D64: ✓ | E64: =IF(ISBLANK($D64),0,30-VLOOKUP($D64, $D$133:$E$149, 2, FALSE)) -> 30 | F64: 30 | G64: 28 | H64: 2.6965 | I64: =IF(ISBLANK($H64),0,INDEX({10,8.75,7.5,6.25,5,3.75,2.5,1.25},IFERROR(MATCH($H64,$H$135:$H$141,1),0)+1)) -> 8.75 | K64: =E64+F64+I64+G64+J64 -> 96.75
A65: 郭茂宇 | B65: 人工智慧 / AIG | C65: 314505004 | D65: ✓ | E65: =IF(ISBLANK($D65),0,30-VLOOKUP($D65, $D$133:$E$149, 2, FALSE)) -> 30 | F65: 30 | G65: 26 | H65: 3.1589 | I65: =IF(ISBLANK($H65),0,INDEX({10,8.75,7.5,6.25,5,3.75,2.5,1.25},IFERROR(MATCH($H65,$H$135:$H$141,1),0)+1)) -> 5 | J65: -5 | K65: =E65+F65+I65+G65+J65 -> 86 | M65: summary314505004.txt
A66: 陳垣皓 | B66: 人工智慧 / AIG | C66: 314505008 | D66: ✓ | E66: =IF(ISBLANK($D66),0,30-VLOOKUP($D66, $D$133:$E$149, 2, FALSE)) -> 30 | F66: 30 | G66: 25 | H66: 3.9397 | I66: =IF(ISBLANK($H66),0,INDEX({10,8.75,7.5,6.25,5,3.75,2.5,1.25},IFERROR(MATCH($H66,$H$135:$H$141,1),0)+1)) -> 1.25 | K66: =E66+F66+I66+G66+J66 -> 86.25
A67: 簡逸杰 | B67: 人工智慧 / AIG | C67: 314505011 | D67: connectivity error | E67: =IF(ISBLANK($D67),0,30-VLOOKUP($D67, $D$133:$E$149, 2, FALSE)) -> 22.5 | F67: 30 | G67: 16 | H67: 2.6881 | I67: =IF(ISBLANK($H67),0,INDEX({10,8.75,7.5,6.25,5,3.75,2.5,1.25},IFERROR(MATCH($H67,$H$135:$H$141,1),0)+1)) -> 8.75 | J67: -5 | K67: =E67+F67+I67+G67+J67 -> 72.25 | L67: Unexpected class name
A68: 馬克俊 | B68: 電子碩 / IEE | C68: 314510022 | D68: LDB #layer mismatch | E68: =IF(ISBLANK($D68),0,30-VLOOKUP($D68, $D$133:$E$149, 2, FALSE)) -> 15 | F68: 30 | G68: 26 | H68: 3.3136 | I68: =IF(ISBLANK($H68),0,INDEX({10,8.75,7.5,6.25,5,3.75,2.5,1.25},IFERROR(MATCH($H68,$H$135:$H$141,1),0)+1)) -> 3.75 | K68: =E68+F68+I68+G68+J68 -> 74.75
A69: 邱媛婕 | B69: 電子碩 / IEE | C69: 314510028 | D69: Stem+LDB layer error | E69: =IF(ISBLANK($D69),0,30-VLOOKUP($D69, $D$133:$E$149, 2, FALSE)) -> 15 | F69: 30 | G69: 24 | H69: 2.516 | I69: =IF(ISBLANK($H69),0,INDEX({10,8.75,7.5,6.25,5,3.75,2.5,1.25},IFERROR(MATCH($H69,$H$135:$H$141,1),0)+1)) -> 10 | K69: =E69+F69+I69+G69+J69 -> 79
A70: 黃瑜緹 | B70: 電子碩 / IEE | C70: 314510034 | D70: LDB #layer mismatch | E70: =IF(ISBLANK($D70),0,30-VLOOKUP($D70, $D$133:$E$149, 2, FALSE)) -> 15 | F70: 30 | G70: 28 | H70: 2.9 | I70: =IF(ISBLANK($H70),0,INDEX({10,8.75,7.5,6.25,5,3.75,2.5,1.25},IFERROR(MATCH($H70,$H$135:$H$141,1),0)+1)) -> 7.5 | K70: =E70+F70+I70+G70+J70 -> 80.5
A71: 沈上傑 | B71: 電子碩 / IEE | C71: 314510042 | D71: LDB&Transition mismatch | E71: =IF(ISBLANK($D71),0,30-VLOOKUP($D71, $D$133:$E$149, 2, FALSE)) -> 15 | F71: 30 | G71: 25 | H71: 2.8503 | I71: =IF(ISBLANK($H71),0,INDEX({10,8.75,7.5,6.25,5,3.75,2.5,1.25},IFERROR(MATCH($H71,$H$135:$H$141,1),0)+1)) -> 7.5 | J71: -5 | K71: =E71+F71+I71+G71+J71 -> 72.5 | L71: Cannot parse summary file
A72: 蔡綸鎧 | B72: 電子碩 / IEE | C72: 314510044 | D72: connectivity error | E72: =IF(ISBLANK($D72),0,30-VLOOKUP($D72, $D$133:$E$149, 2, FALSE)) -> 22.5 | F72: 30 | G72: 21 | H72: 3.0845 | I72: =IF(ISBLANK($H72),0,INDEX({10,8.75,7.5,6.25,5,3.75,2.5,1.25},IFERROR(MATCH($H72,$H$135:$H$141,1),0)+1)) -> 5 | K72: =E72+F72+I72+G72+J72 -> 78.5
A73: 陳易聖 | B73: 電子碩 / IEE | C73: 314510067 | D73: connectivity error | E73: =IF(ISBLANK($D73),0,30-VLOOKUP($D73, $D$133:$E$149, 2, FALSE)) -> 22.5 | F73: 30 | G73: 19 | H73: 3.3909 | I73: =IF(ISBLANK($H73),0,INDEX({10,8.75,7.5,6.25,5,3.75,2.5,1.25},IFERROR(MATCH($H73,$H$135:$H$141,1),0)+1)) -> 2.5 | K73: =E73+F73+I73+G73+J73 -> 74
A74: 郭信鋐 | B74: 電子碩 / IEE | C74: 314510072 | D74: LDB #layer mismatch | E74: =IF(ISBLANK($D74),0,30-VLOOKUP($D74, $D$133:$E$149, 2, FALSE)) -> 15 | F74: 30 | G74: 19 | H74: 3.2435 | I74: =IF(ISBLANK($H74),0,INDEX({10,8.75,7.5,6.25,5,3.75,2.5,1.25},IFERROR(MATCH($H74,$H$135:$H$141,1),0)+1)) -> 3.75 | K74: =E74+F74+I74+G74+J74 -> 67.75
A75: 楊皓翔 | B75: 電子碩 / IEE | C75: 314510094 | D75: LDB reduce 3x3Conv missing | E75: =IF(ISBLANK($D75),0,30-VLOOKUP($D75, $D$133:$E$149, 2, FALSE)) -> 20 | F75: 30 | G75: 25 | H75: 3.6044 | I75: =IF(ISBLANK($H75),0,INDEX({10,8.75,7.5,6.25,5,3.75,2.5,1.25},IFERROR(MATCH($H75,$H$135:$H$141,1),0)+1)) -> 2.5 | K75: =E75+F75+I75+G75+J75 -> 77.5
A76: 蔡翔閔 | B76: 電子碩 / IEE | C76: 314510103 | D76: LDB reduce 3x3Conv missing | E76: =IF(ISBLANK($D76),0,30-VLOOKUP($D76, $D$133:$E$149, 2, FALSE)) -> 20 | F76: 30 | G76: 25 | H76: 2.5648 | I76: =IF(ISBLANK($H76),0,INDEX({10,8.75,7.5,6.25,5,3.75,2.5,1.25},IFERROR(MATCH($H76,$H$135:$H$141,1),0)+1)) -> 10 | K76: =E76+F76+I76+G76+J76 -> 85
A77: 郭育綸 | B77: 電子碩 / IEE | C77: 314510114 | D77: ✓ | E77: =IF(ISBLANK($D77),0,30-VLOOKUP($D77, $D$133:$E$149, 2, FALSE)) -> 30 | F77: 30 | G77: 22 | H77: 2.2392 | I77: =IF(ISBLANK($H77),0,INDEX({10,8.75,7.5,6.25,5,3.75,2.5,1.25},IFERROR(MATCH($H77,$H$135:$H$141,1),0)+1)) -> 10 | K77: =E77+F77+I77+G77+J77 -> 92
A78: 李博安 | B78: 電子碩 / IEE | C78: 314510120 | D78: ✓ | E78: =IF(ISBLANK($D78),0,30-VLOOKUP($D78, $D$133:$E$149, 2, FALSE)) -> 30 | F78: 30 | G78: 26 | H78: 2.5843 | I78: =IF(ISBLANK($H78),0,INDEX({10,8.75,7.5,6.25,5,3.75,2.5,1.25},IFERROR(MATCH($H78,$H$135:$H$141,1),0)+1)) -> 10 | K78: =E78+F78+I78+G78+J78 -> 96
A79: 蔡東宏 | B79: 電子碩 / IEE | C79: 314510123 | D79: ✓ | E79: =IF(ISBLANK($D79),0,30-VLOOKUP($D79, $D$133:$E$149, 2, FALSE)) -> 30 | F79: 30 | G79: 25 | H79: 3.6805 | I79: =IF(ISBLANK($H79),0,INDEX({10,8.75,7.5,6.25,5,3.75,2.5,1.25},IFERROR(MATCH($H79,$H$135:$H$141,1),0)+1)) -> 2.5 | K79: =E79+F79+I79+G79+J79 -> 87.5
A80: 張語楹 | B80: 電子碩 / IEE | C80: 314510126 | D80: ✓ | E80: =IF(ISBLANK($D80),0,30-VLOOKUP($D80, $D$133:$E$149, 2, FALSE)) -> 30 | F80: 30 | G80: 25 | H80: 3.2631 | I80: =IF(ISBLANK($H80),0,INDEX({10,8.75,7.5,6.25,5,3.75,2.5,1.25},IFERROR(MATCH($H80,$H$135:$H$141,1),0)+1)) -> 3.75 | K80: =E80+F80+I80+G80+J80 -> 88.75
A81: 徐立人 | B81: 電子碩 / IEE | C81: 314510130 | D81: ✓ | E81: =IF(ISBLANK($D81),0,30-VLOOKUP($D81, $D$133:$E$149, 2, FALSE)) -> 30 | F81: 30 | G81: 20 | H81: 3.2505 | I81: =IF(ISBLANK($H81),0,INDEX({10,8.75,7.5,6.25,5,3.75,2.5,1.25},IFERROR(MATCH($H81,$H$135:$H$141,1),0)+1)) -> 3.75 | K81: =E81+F81+I81+G81+J81 -> 83.75
A82: 翁晨凱 | B82: 電子碩 / IEE | C82: 314510131 | D82: LDB #layer mismatch | E82: =IF(ISBLANK($D82),0,30-VLOOKUP($D82, $D$133:$E$149, 2, FALSE)) -> 15 | F82: 30 | G82: 27 | H82: 2.7805 | I82: =IF(ISBLANK($H82),0,INDEX({10,8.75,7.5,6.25,5,3.75,2.5,1.25},IFERROR(MATCH($H82,$H$135:$H$141,1),0)+1)) -> 8.75 | K82: =E82+F82+I82+G82+J82 -> 80.75
A83: 余家佑 | B83: 電子碩 / IEE | C83: 314510133 | D83: ✓ | E83: =IF(ISBLANK($D83),0,30-VLOOKUP($D83, $D$133:$E$149, 2, FALSE)) -> 30 | F83: 30 | G83: 26 | H83: 3.5003 | I83: =IF(ISBLANK($H83),0,INDEX({10,8.75,7.5,6.25,5,3.75,2.5,1.25},IFERROR(MATCH($H83,$H$135:$H$141,1),0)+1)) -> 2.5 | K83: =E83+F83+I83+G83+J83 -> 88.5
... A94: 鄭宇廷 | B94: 電子碩 / IEE | C94: 314510186 | D94: ✓ | E94: =IF(ISBLANK($D94),0,30-VLOOKUP($D94, $D$133:$E$149, 2, FALSE)) -> 30 | F94: 30 | G94: 24 | H94: 3.3754 | I94: =IF(ISBLANK($H94),0,INDEX({10,8.75,7.5,6.25,5,3.75,2.5,1.25},IFERROR(MATCH($H94,$H$135:$H$141,1),0)+1)) -> 2.5 | K94: =E94+F94+I94+G94+J94 -> 86.5
A95: 張旭 | B95: 電子碩 / IEE | C95: 314510188 | D95: LDB 1x1Conv missing | E95: =IF(ISBLANK($D95),0,15-VLOOKUP($D95, $D$133:$E$149, 2, FALSE))+15*0.7 -> 15.5 | F95: =30*0.7 -> 21 | G95: 19 | H95: 8.808 | I95: =IF(ISBLANK($H95),0,INDEX({10,8.75,7.5,6.25,5,3.75,2.5,1.25},IFERROR(MATCH($H95,$H$135:$H$141,1),0)+1)) -> 1.25 | J95: -5 | K95: =E95+F95+I95+G95+J95 -> 51.75 | L95: No screenshot (Make up) | M95: summary_314510188.txt.txt
A96: 薛油和 | B96: 電子碩 / IEE | C96: 314510189 | D96: LDB #layer mismatch | E96: =IF(ISBLANK($D96),0,30-VLOOKUP($D96, $D$133:$E$149, 2, FALSE)) -> 15 | F96: 30 | G96: 25 | H96: 2.8837 | I96: =IF(ISBLANK($H96),0,INDEX({10,8.75,7.5,6.25,5,3.75,2.5,1.25},IFERROR(MATCH($H96,$H$135:$H$141,1),0)+1)) -> 7.5 | J96: -5 | K96: =E96+F96+I96+G96+J96 -> 72.5 | M96: summary _314510189.txt
A97: 梁藍天 | B97: 電子碩 / IEE | C97: 314510192 | D97: LDB 1x1Conv missing | E97: =IF(ISBLANK($D95),0,15-VLOOKUP($D95, $D$133:$E$149, 2, FALSE))+15*0.7 -> 15.5 | F97: =30*0.7 -> 21 | G97: 26 | H97: 3.1753 | I97: =IF(ISBLANK($H97),0,INDEX({10,8.75,7.5,6.25,5,3.75,2.5,1.25},IFERROR(MATCH($H97,$H$135:$H$141,1),0)+1)) -> 3.75 | K97: =E97+F97+I97+G97+J97 -> 66.25 | L97: No screenshot (Make up)
A98: 徐瑞澤 | B98: 電子碩 / IEE | C98: 314510195 | D98: ✓ | E98: =IF(ISBLANK($D98),0,30-VLOOKUP($D98, $D$133:$E$149, 2, FALSE)) -> 30 | F98: 30 | G98: 24 | H98: 2.7962 | I98: =IF(ISBLANK($H98),0,INDEX({10,8.75,7.5,6.25,5,3.75,2.5,1.25},IFERROR(MATCH($H98,$H$135:$H$141,1),0)+1)) -> 7.5 | K98: =E98+F98+I98+G98+J98 -> 91.5
A99: 施夷光 | B99: 電子碩 / IEE | C99: 314510196 | D99: LDB #layer mismatch | E99: =IF(ISBLANK($D99),0,30-VLOOKUP($D99, $D$133:$E$149, 2, FALSE)) -> 15 | F99: 30 | G99: 25 | H99: 3.6668 | I99: =IF(ISBLANK($H99),0,INDEX({10,8.75,7.5,6.25,5,3.75,2.5,1.25},IFERROR(MATCH($H99,$H$135:$H$141,1),0)+1)) -> 2.5 | K99: =E99+F99+I99+G99+J99 -> 72.5
A100: 陳致佑 | B100: 電子碩 / IEE | C100: 314510199 | D100: LDB reduce 3x3Conv missing | E100: =IF(ISBLANK($D100),0,30-VLOOKUP($D100, $D$133:$E$149, 2, FALSE)) -> 20 | F100: 30 | G100: 24 | H100: 3.3613 | I100: =IF(ISBLANK($H100),0,INDEX({10,8.75,7.5,6.25,5,3.75,2.5,1.25},IFERROR(MATCH($H100,$H$135:$H$141,1),0)+1)) -> 3.75 | K100: =E100+F100+I100+G100+J100 -> 77.75
A101: 李佳芯 | B101: 電子碩 / IEE | C101: 314510201 | D101: ✓ | E101: =IF(ISBLANK($D101),0,30-VLOOKUP($D101, $D$133:$E$149, 2, FALSE)) -> 30 | F101: 30 | G101: 25 | H101: 2.6401 | I101: =IF(ISBLANK($H101),0,INDEX({10,8.75,7.5,6.25,5,3.75,2.5,1.25},IFERROR(MATCH($H101,$H$135:$H$141,1),0)+1)) -> 8.75 | K101: =E101+F101+I101+G101+J101 -> 93.75
A102: 任晏廷 | B102: 電子碩 / IEE | C102: 314510202 | D102: connectivity error | E102: =IF(ISBLANK($D102),0,30-VLOOKUP($D102, $D$133:$E$149, 2, FALSE)) -> 22.5 | F102: 30 | G102: 23 | H102: 3.0616 | I102: =IF(ISBLANK($H102),0,INDEX({10,8.75,7.5,6.25,5,3.75,2.5,1.25},IFERROR(MATCH($H102,$H$135:$H$141,1),0)+1)) -> 5 | K102: =E102+F102+I102+G102+J102 -> 80.5
A103: 白勝全 | B103: 電子碩 / IEE | C103: 314510209 | D103: ✓ | E103: =IF(ISBLANK($D103),0,30-VLOOKUP($D103, $D$133:$E$149, 2, FALSE)) -> 30 | F103: 30 | G103: 26 | H103: 3.1599 | I103: =IF(ISBLANK($H103),0,INDEX({10,8.75,7.5,6.25,5,3.75,2.5,1.25},IFERROR(MATCH($H103,$H$135:$H$141,1),0)+1)) -> 5 | K103: =E103+F103+I103+G103+J103 -> 91
A104: 趙品倫 | B104: 電子碩 / IEE | C104: 314510214 | D104: ✓ | E104: =IF(ISBLANK($D104),0,30-VLOOKUP($D104, $D$133:$E$149, 2, FALSE)) -> 30 | F104: 30 | G104: 25 | H104: 4.2614 | I104: =IF(ISBLANK($H104),0,INDEX({10,8.75,7.5,6.25,5,3.75,2.5,1.25},IFERROR(MATCH($H104,$H$135:$H$141,1),0)+1)) -> 1.25 | K104: =E104+F104+I104+G104+J104 -> 86.25
A105: 傅苙銨 | B105: 電子碩 / IEE | C105: 314510218 | D105: LDB reduce 3x3Conv missing | E105: =IF(ISBLANK($D105),0,30-VLOOKUP($D105, $D$133:$E$149, 2, FALSE)) -> 20 | F105: 30 | G105: 26 | H105: 2.5689 | I105: =IF(ISBLANK($H105),0,INDEX({10,8.75,7.5,6.25,5,3.75,2.5,1.25},IFERROR(MATCH($H105,$H$135:$H$141,1),0)+1)) -> 10 | K105: =E105+F105+I105+G105+J105 -> 86
A106: 柯奕逢 | B106: 電子碩 / IEE | C106: 314510222 | D106: ✓ | E106: =IF(ISBLANK($D106),0,30-VLOOKUP($D106, $D$133:$E$149, 2, FALSE)) -> 30 | F106: 30 | G106: 27 | H106: 3.0223 | I106: =IF(ISBLANK($H106),0,INDEX({10,8.75,7.5,6.25,5,3.75,2.5,1.25},IFERROR(MATCH($H106,$H$135:$H$141,1),0)+1)) -> 6.25 | K106: =E106+F106+I106+G106+J106 -> 93.25
A107: 陳昇達 | B107: 電子碩 / IEE | C107: 314510224 | D107: connectivity error | E107: =IF(ISBLANK($D107),0,30-VLOOKUP($D107, $D$133:$E$149, 2, FALSE)) -> 22.5 | F107: 30 | G107: 24 | H107: 2.6932 | I107: =IF(ISBLANK($H107),0,INDEX({10,8.75,7.5,6.25,5,3.75,2.5,1.25},IFERROR(MATCH($H107,$H$135:$H$141,1),0)+1)) -> 8.75 | K107: =E107+F107+I107+G107+J107 -> 85.25
A108: 陳聖諦 | B108: 電子碩 / IEE | C108: 314510225 | D108: ✓ | E108: =IF(ISBLANK($D108),0,30-VLOOKUP($D108, $D$133:$E$149, 2, FALSE)) -> 30 | F108: 0 | G108: 25 | H108: 5.9806 | I108: =IF(ISBLANK($H108),0,INDEX({10,8.75,7.5,6.25,5,3.75,2.5,1.25},IFERROR(MATCH($H108,$H$135:$H$141,1),0)+1)) -> 1.25 | K108: =E108+F108+I108+G108+J108 -> 56.25
A109: 嚴秉祥 | B109: 電子碩 / IEE | C109: 314510228 | D109: LDB #layer mismatch | E109: =IF(ISBLANK($D109),0,30-VLOOKUP($D109, $D$133:$E$149, 2, FALSE)) -> 15 | F109: 30 | G109: 25 | H109: 2.4751 | I109: =IF(ISBLANK($H109),0,INDEX({10,8.75,7.5,6.25,5,3.75,2.5,1.25},IFERROR(MATCH($H109,$H$135:$H$141,1),0)+1)) -> 10 | J109: -5 | K109: =E109+F109+I109+G109+J109 -> 75 | M109: CDenseNet _314510228.py
A110: 黃長隆 | B110: 電子碩 / IEE | C110: 314510230 | D110: ✓ | E110: =IF(ISBLANK($D110),0,30-VLOOKUP($D110, $D$133:$E$149, 2, FALSE)) -> 30 | F110: 30 | G110: 22 | H110: 13.3202 | I110: =IF(ISBLANK($H110),0,INDEX({10,8.75,7.5,6.25,5,3.75,2.5,1.25},IFERROR(MATCH($H110,$H$135:$H$141,1),0)+1)) -> 1.25 | K110: =E110+F110+I110+G110+J110 -> 83.25
A111: 邱達綸 | B111: 電子碩 / IEE | C111: 314510232 | E111: =IF(ISBLANK($D111),0,30-VLOOKUP($D111, $D$133:$E$149, 2, FALSE)) -> 0 | I111: =IF(ISBLANK($H111),0,INDEX({10,8.75,7.5,6.25,5,3.75,2.5,1.25},IFERROR(MATCH($H111,$H$135:$H$141,1),0)+1)) -> 0 | K111: =E111+F111+I111+G111+J111 -> 0 | L111: No submission
...

Sheet Lab03
A1: 姓名 | B1: 所屬系所 | C1: 學號 | D1: Model size (kB) | E1: Validation BLEU score | I1: Execution time (s) | J1: Requirement | M1: Testing BLEU score | Q1: Task (60%) | R1: Performance (20%) | S1: Report (20%) | T1: Naming Error | U1: Total | V1: Note
E2: 1-gram | F2: 2-gram | G2: 3-gram | H2: 4-gram | J2: Model Size | K2: BLEU score | L2: Exe time | M2: 1-gram | N2: 2-gram | O2: 3-gram | P2: 4-gram
A3: 林知翰 | B3: 土木系 / DCV | C3: 0811254 | D3: 29846.15 | E3: 0.354085 | F3: 0.20974 | G3: 0.130745 | H3: 0.089661 | I3: 1.865 | J3: PASS | K3: PASS | L3: PASS | M3: 0.395073 | N3: 0.264856 | O3: 0.173215 | P3: 0.112622 | Q3: 60 | R3: =IF($M3=0,0,20-INDEX({0,1,2,3,4,5,6,7,8,9,10,11,12,13,14,15,16,17,18,19,20},IFERROR(MATCH($M3,$D$136:$D$156,-1),0)+1)) -> 4 | S3: 17 | U3: =Q3+R3+S3+T3 -> 81
A4: 林品妤 | B4: 醫工系 / BME | C4: 111261022 | D4: 0 | E4: 0 | F4: 0 | G4: 0 | H4: 0 | I4: 0 | J4: FAIL | K4: FAIL | L4: FAIL | M4: 0 | N4: 0 | O4: 0 | P4: 0 | Q4: 0 | R4: =IF($M4=0,0,20-INDEX({0,1,2,3,4,5,6,7,8,9,10,11,12,13,14,15,16,17,18,19,20},IFERROR(MATCH($M4,$D$136:$D$156,-1),0)+1)) -> 0 | S4: 0 | U4: =Q4+R4+S4+T4 -> 0 | V4: No submission
A5: 趙立榆 | B5: 電機系 / UEE | C5: 111511003 | D5: 0 | E5: 0 | F5: 0 | G5: 0 | H5: 0 | I5: 0 | J5: FAIL | K5: FAIL | L5: FAIL | M5: 0 | N5: 0 | O5: 0 | P5: 0 | Q5: 0 | R5: =IF($M5=0,0,20-INDEX({0,1,2,3,4,5,6,7,8,9,10,11,12,13,14,15,16,17,18,19,20},IFERROR(MATCH($M5,$D$136:$D$156,-1),0)+1)) -> 0 | S5: 0 | U5: =Q5+R5+S5+T5 -> 0 | V5: No submission
A6: 劉邦榆 | B6: 電機系 / UEE | C6: 111511005 | D6: 0 | E6: 0 | F6: 0 | G6: 0 | H6: 0 | I6: 0 | J6: FAIL | K6: FAIL | L6: FAIL | M6: 0 | N6: 0 | O6: 0 | P6: 0 | Q6: 0 | R6: =IF($M6=0,0,20-INDEX({0,1,2,3,4,5,6,7,8,9,10,11,12,13,14,15,16,17,18,19,20},IFERROR(MATCH($M6,$D$136:$D$156,-1),0)+1)) -> 0 | S6: 0 | U6: =Q6+R6+S6+T6 -> 0 | V6: No submission
A7: 林后辰 | B7: 電機系 / UEE | C7: 111511009 | D7: 35840.84 | E7: 0.485391 | F7: 0.33466 | G7: 0.234108 | H7: 0.153467 | I7: 7.582 | J7: PASS | K7: PASS | L7: PASS | M7: 0.504956 | N7: 0.371968 | O7: 0.267121 | P7: 0.170453 | Q7: 60 | R7: =IF($M7=0,0,20-INDEX({0,1,2,3,4,5,6,7,8,9,10,11,12,13,14,15,16,17,18,19,20},IFERROR(MATCH($M7,$D$136:$D$156,-1),0)+1)) -> 16 | S7: 14 | U7: =Q7+R7+S7+T7 -> 90
A8: 莊之睿 | B8: 電機系 / UEE | C8: 111511010 | D8: 78380.36 | E8: 0.388955 | F8: 0.246198 | G8: 0.155328 | H8: 0.110092 | I8: 5.158 | J8: PASS | K8: PASS | L8: PASS | M8: 0.46262 | N8: 0.328848 | O8: 0.224225 | P8: 0.170445 | Q8: 60 | R8: =IF($M8=0,0,20-INDEX({0,1,2,3,4,5,6,7,8,9,10,11,12,13,14,15,16,17,18,19,20},IFERROR(MATCH($M8,$D$136:$D$156,-1),0)+1)) -> 9 | S8: 15 | U8: =Q8+R8+S8+T8 -> 84
A9: 郭弋愷 | B9: 電機系 / UEE | C9: 111511057 | D9: 12338.63 | E9: 0.383751 | F9: 0.244701 | G9: 0.161666 | H9: 0.109468 | I9: 3.798 | J9: PASS | K9: PASS | L9: PASS | M9: 0.423175 | N9: 0.284036 | O9: 0.195537 | P9: 0.132642 | Q9: 60 | R9: =IF($M9=0,0,20-INDEX({0,1,2,3,4,5,6,7,8,9,10,11,12,13,14,15,16,17,18,19,20},IFERROR(MATCH($M9,$D$136:$D$156,-1),0)+1)) -> 6 | S9: 19 | U9: =Q9+R9+S9+T9 -> 85
A10: 茆鎮育 | B10: 電機系 / UEE | C10: 111511059 | D10: 0 | E10: 0 | F10: 0 | G10: 0 | H10: 0 | I10: 0 | J10: FAIL | K10: FAIL | L10: FAIL | M10: 0 | N10: 0 | O10: 0 | P10: 0 | Q10: 0 | R10: =IF($M10=0,0,20-INDEX({0,1,2,3,4,5,6,7,8,9,10,11,12,13,14,15,16,17,18,19,20},IFERROR(MATCH($M10,$D$136:$D$156,-1),0)+1)) -> 0 | S10: 0 | U10: =Q10+R10+S10+T10 -> 0 | V10: No submission
A11: 簡宗弘 | B11: 電機系 / UEE | C11: 111511093 | D11: 28709.96 | E11: 0.471515 | F11: 0.338788 | G11: 0.236714 | H11: 0.16598 | I11: 20.951 | J11: PASS | K11: PASS | L11: PASS | M11: 0.515201 | N11: 0.390445 | O11: 0.291606 | P11: 0.216779 | Q11: 60 | R11: =IF($M11=0,0,20-INDEX({0,1,2,3,4,5,6,7,8,9,10,11,12,13,14,15,16,17,18,19,20},IFERROR(MATCH($M11,$D$136:$D$156,-1),0)+1)) -> 18 | S11: 17 | U11: =Q11+R11+S11+T11 -> 95
A12: 林守凡 | B12: 電機系 / UEE | C12: 111511095 | D12: 23970.12 | E12: 0.361975 | F12: 0.222668 | G12: 0.143948 | H12: 0.089755 | I12: 2.213 | J12: PASS | K12: PASS | L12: PASS | M12: 0.389446 | N12: 0.253187 | O12: 0.159237 | P12: 0.106518 | Q12: 60 | R12: =IF($M12=0,0,20-INDEX({0,1,2,3,4,5,6,7,8,9,10,11,12,13,14,15,16,17,18,19,20},IFERROR(MATCH($M12,$D$136:$D$156,-1),0)+1)) -> 4 | S12: 14 | U12: =Q12+R12+S12+T12 -> 78
A13: 陳禹丞 | B13: 電機系 / UEE | C13: 111511099 | D13: 27656.52 | E13: 0.416882 | F13: 0.284867 | G13: 0.199553 | H13: 0.136759 | I13: 28.791 | J13: PASS | K13: PASS | L13: PASS | M13: 0.468202 | N13: 0.33883 | O13: 0.235985 | P13: 0.155629 | Q13: 60 | R13: =IF($M13=0,0,20-INDEX({0,1,2,3,4,5,6,7,8,9,10,11,12,13,14,15,16,17,18,19,20},IFERROR(MATCH($M13,$D$136:$D$156,-1),0)+1)) -> 9 | S13: 18 | U13: =Q13+R13+S13+T13 -> 87
A14: 陳郡佑 | B14: 電機系 / UEE | C14: 111511158 | D14: 30826.82 | E14: 0.36978 | F14: 0.232905 | G14: 0.148659 | H14: 0.098145 | I14: 69.838 | J14: PASS | K14: PASS | L14: PASS | M14: 0.411215 | N14: 0.282552 | O14: 0.190834 | P14: 0.126829 | Q14: 60 | R14: =IF($M14=0,0,20-INDEX({0,1,2,3,4,5,6,7,8,9,10,11,12,13,14,15,16,17,18,19,20},IFERROR(MATCH($M14,$D$136:$D$156,-1),0)+1)) -> 5 | S14: 20 | U14: =Q14+R14+S14+T14 -> 85
A15: 劉哲丞 | B15: 電機系 / UEE | C15: 111511163 | D15: 69964.1 | E15: 0.398362 | F15: 0.252432 | G15: 0.173034 | H15: 0.116574 | I15: 3.167 | J15: PASS | K15: PASS | L15: PASS | M15: 0.449249 | N15: 0.309819 | O15: 0.220229 | P15: 0.157906 | Q15: 60 | R15: =IF($M15=0,0,20-INDEX({0,1,2,3,4,5,6,7,8,9,10,11,12,13,14,15,16,17,18,19,20},IFERROR(MATCH($M15,$D$136:$D$156,-1),0)+1)) -> 8 | S15: 19 | U15: =Q15+R15+S15+T15 -> 87
A16: 鍾宗揚 | B16: 電機系 / UEE | C16: 111511186 | D16: 84678.98 | E16: 0.460445 | F16: 0.321472 | G16: 0.231665 | H16: 0.146852 | I16: 26.458 | J16: PASS | K16: PASS | L16: PASS | M16: 0.511257 | N16: 0.38133 | O16: 0.279452 | P16: 0.202858 | Q16: 60 | R16: =IF($M16=0,0,20-INDEX({0,1,2,3,4,5,6,7,8,9,10,11,12,13,14,15,16,17,18,19,20},IFERROR(MATCH($M16,$D$136:$D$156,-1),0)+1)) -> 18 | S16: 17 | U16: =Q16+R16+S16+T16 -> 95
A17: 林文遠 | B17: 電機系 / UEE | C17: 111511208 | D17: 19552 | E17: 0.453335 | F17: 0.32024 | G17: 0.227677 | H17: 0.153362 | I17: 40.726 | J17: PASS | K17: PASS | L17: PASS | M17: 0.496855 | N17: 0.366111 | O17: 0.245556 | P17: 0.168119 | Q17: 60 | R17: =IF($M17=0,0,20-INDEX({0,1,2,3,4,5,6,7,8,9,10,11,12,13,14,15,16,17,18,19,20},IFERROR(MATCH($M17,$D$136:$D$156,-1),0)+1)) -> 15 | S17: 17 | U17: =Q17+R17+S17+T17 -> 92
A18: 賴柏任 | B18: 電機系 / UEE | C18: 111511211 | D18: 23441.22 | E18: 0.458585 | F18: 0.318164 | G18: 0.239043 | H18: 0.168116 | I18: 2.948 | J18: PASS | K18: PASS | L18: PASS | M18: 0.488979 | N18: 0.366059 | O18: 0.275914 | P18: 0.208694 | Q18: 60 | R18: =IF($M18=0,0,20-INDEX({0,1,2,3,4,5,6,7,8,9,10,11,12,13,14,15,16,17,18,19,20},IFERROR(MATCH($M18,$D$136:$D$156,-1),0)+1)) -> 13 | S18: 15 | U18: =Q18+R18+S18+T18 -> 88
A19: 王乙棠 | B19: 電機系 / UEE | C19: 111511240 | D19: 82426.18 | E19: 0.451019 | F19: 0.307303 | G19: 0.22452 | H19: 0.156869 | I19: 29.752 | J19: PASS | K19: PASS | L19: PASS | M19: 0.483455 | N19: 0.351722 | O19: 0.26478 | P19: 0.181837 | Q19: 60 | R19: =IF($M19=0,0,20-INDEX({0,1,2,3,4,5,6,7,8,9,10,11,12,13,14,15,16,17,18,19,20},IFERROR(MATCH($M19,$D$136:$D$156,-1),0)+1)) -> 12 | S19: 17 | U19: =Q19+R19+S19+T19 -> 89
A20: 李宇翔 | B20: 電機系 / UEE | C20: 111511247 | D20: 12001.6 | E20: 0.426016 | F20: 0.285927 | G20: 0.201969 | H20: 0.146243 | I20: 3.63 | J20: PASS | K20: PASS | L20: PASS | M20: 0.479578 | N20: 0.343013 | O20: 0.244833 | P20: 0.174928 | Q20: 60 | R20: =IF($M20=0,0,20-INDEX({0,1,2,3,4,5,6,7,8,9,10,11,12,13,14,15,16,17,18,19,20},IFERROR(MATCH($M20,$D$136:$D$156,-1),0)+1)) -> 11 | S20: 15 | U20: =Q20+R20+S20+T20 -> 86
A21: 李昱承 | B21: 電機系 / UEE | C21: 111511249 | D21: 8635.392 | E21: 0.480267 | F21: 0.346125 | G21: 0.246424 | H21: 0.184502 | I21: 4.299 | J21: PASS | K21: PASS | L21: PASS | M21: 0.512923 | N21: 0.393315 | O21: 0.295837 | P21: 0.224153 | Q21: 60 | R21: =IF($M21=0,0,20-INDEX({0,1,2,3,4,5,6,7,8,9,10,11,12,13,14,15,16,17,18,19,20},IFERROR(MATCH($M21,$D$136:$D$156,-1),0)+1)) -> 18 | S21: 17 | U21: =Q21+R21+S21+T21 -> 95
A22: 鄭丞佑 | B22: 電機系 / UEE | C22: 111511253 | D22: 35811.84 | E22: 0.398458 | F22: 0.256001 | G22: 0.166595 | H22: 0.117504 | I22: 4.28 | J22: PASS | K22: PASS | L22: PASS | M22: 0.439171 | N22: 0.302634 | O22: 0.201906 | P22: 0.123875 | Q22: 60 | R22: =IF($M22=0,0,20-INDEX({0,1,2,3,4,5,6,7,8,9,10,11,12,13,14,15,16,17,18,19,20},IFERROR(MATCH($M22,$D$136:$D$156,-1),0)+1)) -> 7 | S22: 15 | T22: -5 | U22: =Q22+R22+S22+T22 -> 77
A23: 王信諺 | B23: 電機系 / UEE | C23: 111511260 | D23: 26067.78 | E23: 0.387126 | F23: 0.243842 | G23: 0.15522 | H23: 0.097319 | I23: 2.811 | J23: PASS | K23: PASS | L23: PASS | M23: 0.407483 | N23: 0.276345 | O23: 0.198458 | P23: 0.139938 | Q23: 60 | R23: =IF($M23=0,0,20-INDEX({0,1,2,3,4,5,6,7,8,9,10,11,12,13,14,15,16,17,18,19,20},IFERROR(MATCH($M23,$D$136:$D$156,-1),0)+1)) -> 4 | S23: 16 | U23: =Q23+R23+S23+T23 -> 80
A24: 洪偉軒 | B24: 電機系 / UEE | C24: 111511263 | D24: 96233.54 | E24: 0.444454 | F24: 0.293535 | G24: 0.216564 | H24: 0.142241 | I24: 3.586 | J24: PASS | K24: PASS | L24: PASS | M24: 0.486227 | N24: 0.348472 | O24: 0.24541 | P24: 0.164955 | Q24: 60 | R24: =IF($M24=0,0,20-INDEX({0,1,2,3,4,5,6,7,8,9,10,11,12,13,14,15,16,17,18,19,20},IFERROR(MATCH($M24,$D$136:$D$156,-1),0)+1)) -> 13 | S24: 15 | U24: =Q24+R24+S24+T24 -> 88
A25: 陳沿霖 | B25: 電機系 / UEE | C25: 111511273 | D25: 62607.68 | E25: 0.375564 | F25: 0.239264 | G25: 0.15444 | H25: 0.102211 | I25: 3.991 | J25: PASS | K25: PASS | L25: PASS | M25: 0.370875 | N25: 0.245178 | O25: 0.1523 | P25: 0.103892 | Q25: 60 | R25: =IF($M25=0,0,20-INDEX({0,1,2,3,4,5,6,7,8,9,10,11,12,13,14,15,16,17,18,19,20},IFERROR(MATCH($M25,$D$136:$D$156,-1),0)+1)) -> 3 | S25: 14 | U25: =Q25+R25+S25+T25 -> 77
A26: 黃治鈞 | B26: 電機系 / UEE | C26: 111511306 | D26: 27644.23 | E26: 0.418261 | F26: 0.277565 | G26: 0.194597 | H26: 0.129901 | I26: 4.648 | J26: PASS | K26: PASS | L26: PASS | M26: 0.471821 | N26: 0.337834 | O26: 0.242521 | P26: 0.171008 | Q26: 60 | R26: =IF($M26=0,0,20-INDEX({0,1,2,3,4,5,6,7,8,9,10,11,12,13,14,15,16,17,18,19,20},IFERROR(MATCH($M26,$D$136:$D$156,-1),0)+1)) -> 10 | S26: 15 | U26: =Q26+R26+S26+T26 -> 85
A27: 唐以理 | B27: 電機系 / UEE | C27: 111511307 | D27: 27656.52 | E27: 0.320358 | F27: 0.195835 | G27: 0.13543 | H27: 0.081031 | I27: 5.457 | J27: PASS | K27: PASS | L27: PASS | M27: 0.337235 | N27: 0.207828 | O27: 0.130282 | P27: 0.089334 | Q27: 60 | R27: =IF($M27=0,0,20-INDEX({0,1,2,3,4,5,6,7,8,9,10,11,12,13,14,15,16,17,18,19,20},IFERROR(MATCH($M27,$D$136:$D$156,-1),0)+1)) -> 2 | S27: 15 | U27: =Q27+R27+S27+T27 -> 77
A28: 陳奕廷 | B28: 電機系 / UEE | C28: 111511308 | D28: 33980.74 | E28: 0.455951 | F28: 0.319799 | G28: 0.233043 | H28: 0.163578 | I28: 12.866 | J28: PASS | K28: PASS | L28: PASS | M28: 0.493555 | N28: 0.36399 | O28: 0.264873 | P28: 0.194213 | Q28: =60*0.7 -> 42 | R28: =IF($M28=0,0,20-INDEX({0,1,2,3,4,5,6,7,8,9,10,11,12,13,14,15,16,17,18,19,20},IFERROR(MATCH($M28,$D$136:$D$156,-1),0)+1)) -> 14 | S28: 18 | U28: =Q28+R28+S28+T28 -> 74 | V28: 補交
A29: 薛天其 | B29: 電機系 / UEE | C29: 111610032 | D29: 55251.27 | E29: 0.459334 | F29: 0.318691 | G29: 0.239916 | H29: 0.175806 | I29: 3.039 | J29: PASS | K29: PASS | L29: PASS | M29: 0.507522 | N29: 0.373376 | O29: 0.280161 | P29: 0.194271 | Q29: 60 | R29: =IF($M29=0,0,20-INDEX({0,1,2,3,4,5,6,7,8,9,10,11,12,13,14,15,16,17,18,19,20},IFERROR(MATCH($M29,$D$136:$D$156,-1),0)+1)) -> 17 | S29: 16 | U29: =Q29+R29+S29+T29 -> 93
A30: 林柏伸 | B30: 電機系 / UEE | C30: 111611088 | D30: 84676.93 | E30: 0.40835 | F30: 0.2696 | G30: 0.18016 | H30: 0.127406 | I30: 24.649 | J30: PASS | K30: PASS | L30: PASS | M30: 0.493103 | N30: 0.363249 | O30: 0.263441 | P30: 0.192079 | Q30: 60 | R30: =IF($M30=0,0,20-INDEX({0,1,2,3,4,5,6,7,8,9,10,11,12,13,14,15,16,17,18,19,20},IFERROR(MATCH($M30,$D$136:$D$156,-1),0)+1)) -> 14 | S30: 16 | U30: =Q30+R30+S30+T30 -> 90
A31: 謝歷恩 | B31: 電機系 / UEE | C31: 111651009 | D31: 44221.25 | E31: 0.445804 | F31: 0.31346 | G31: 0.222603 | H31: 0.150046 | I31: 1.401 | J31: PASS | K31: PASS | L31: PASS | M31: 0.503316 | N31: 0.374873 | O31: 0.276148 | P31: 0.213974 | Q31: 60 | R31: =IF($M31=0,0,20-INDEX({0,1,2,3,4,5,6,7,8,9,10,11,12,13,14,15,16,17,18,19,20},IFERROR(MATCH($M31,$D$136:$D$156,-1),0)+1)) -> 16 | S31: 19 | U31: =Q31+R31+S31+T31 -> 95
A32: 鐘邦郡 | B32: 資工系 / DCP | C32: 111652031 | D32: 84676.93 | E32: 0.44716 | F32: 0.305633 | G32: 0.219075 | H32: 0.149849 | I32: 12.665 | J32: PASS | K32: PASS | L32: PASS | M32: 0.490281 | N32: 0.363953 | O32: 0.257193 | P32: 0.19088 | Q32: =60*0.7 -> 42 | R32: =IF($M32=0,0,20-INDEX({0,1,2,3,4,5,6,7,8,9,10,11,12,13,14,15,16,17,18,19,20},IFERROR(MATCH($M32,$D$136:$D$156,-1),0)+1)) -> 14 | S32: 15 | U32: =Q32+R32+S32+T32 -> 71 | V32: 補交
A33: 吳俊叡 | B33: 電機系 / UEE | C33: 112511152 | D33: 63828.62 | E33: 0.330151 | F33: 0.198717 | G33: 0.115752 | H33: 0.072685 | I33: 2.038 | J33: PASS | K33: PASS | L33: PASS | M33: 0.361036 | N33: 0.229476 | O33: 0.152525 | P33: 0.099574 | Q33: 60 | R33: =IF($M33=0,0,20-INDEX({0,1,2,3,4,5,6,7,8,9,10,11,12,13,14,15,16,17,18,19,20},IFERROR(MATCH($M33,$D$136:$D$156,-1),0)+1)) -> 3 | S33: 14 | U33: =Q33+R33+S33+T33 -> 77
A34: 黃子倫 | B34: 電子碩 / IEE | C34: 311510190 | D34: 87230.79 | E34: 0.411141 | F34: 0.265448 | G34: 0.18261 | H34: 0.130231 | I34: 3.646 | J34: PASS | K34: PASS | L34: PASS | M34: 0.458058 | N34: 0.326697 | O34: 0.242455 | P34: 0.164949 | Q34: 60 | R34: =IF($M34=0,0,20-INDEX({0,1,2,3,4,5,6,7,8,9,10,11,12,13,14,15,16,17,18,19,20},IFERROR(MATCH($M34,$D$136:$D$156,-1),0)+1)) -> 9 | S34: 14 | U34: =Q34+R34+S34+T34 -> 83
A35: 林益葳 | B35: 電子博 / IEE | C35: 311515050 | D35: 25813.32 | E35: 0.364065 | F35: 0.206362 | G35: 0.121694 | H35: 0.077699 | I35: 2.705 | J35: PASS | K35: PASS | L35: PASS | M35: 0.391911 | N35: 0.252598 | O35: 0.155815 | P35: 0.10149 | Q35: 60 | R35: =IF($M35=0,0,20-INDEX({0,1,2,3,4,5,6,7,8,9,10,11,12,13,14,15,16,17,18,19,20},IFERROR(MATCH($M35,$D$136:$D$156,-1),0)+1)) -> 4 | S35: 17 | U35: =Q35+R35+S35+T35 -> 81
A36: 張譽耀 | B36: 電子碩 / IEE | C36: 312510067 | D36: 62607.68 | E36: 0.393908 | F36: 0.261422 | G36: 0.178421 | H36: 0.125525 | I36: 10.423 | J36: PASS | K36: PASS | L36: PASS | M36: 0.439424 | N36: 0.303794 | O36: 0.205758 | P36: 0.137421 | Q36: 60 | R36: =IF($M36=0,0,20-INDEX({0,1,2,3,4,5,6,7,8,9,10,11,12,13,14,15,16,17,18,19,20},IFERROR(MATCH($M36,$D$136:$D$156,-1),0)+1)) -> 7 | S36: 16 | T36: -5 | U36: =Q36+R36+S36+T36 -> 78
A37: 邱棋胤 | B37: 電子碩 / IEE | C37: 312510123 | D37: 82389.32 | E37: 0.431756 | F37: 0.289455 | G37: 0.208396 | H37: 0.142294 | I37: 17.164 | J37: PASS | K37: PASS | L37: PASS | M37: 0.478468 | N37: 0.341829 | O37: 0.243936 | P37: 0.170589 | Q37: 60 | R37: =IF($M37=0,0,20-INDEX({0,1,2,3,4,5,6,7,8,9,10,11,12,13,14,15,16,17,18,19,20},IFERROR(MATCH($M37,$D$136:$D$156,-1),0)+1)) -> 11 | S37: 19 | U37: =Q37+R37+S37+T37 -> 90
A38: 黃建廷 | B38: 電機碩 / GEE | C38: 312511041 | D38: 84676.93 | E38: 0.366802 | F38: 0.218937 | G38: 0.140976 | H38: 0.081937 | I38: 4.207 | J38: PASS | K38: PASS | L38: PASS | M38: 0.412485 | N38: 0.261424 | O38: 0.174348 | P38: 0.114554 | Q38: 60 | R38: =IF($M38=0,0,20-INDEX({0,1,2,3,4,5,6,7,8,9,10,11,12,13,14,15,16,17,18,19,20},IFERROR(MATCH($M38,$D$136:$D$156,-1),0)+1)) -> 5 | S38: 15 | U38: =Q38+R38+S38+T38 -> 80
A39: 余唯愷 | B39: 電子博 / IEE | C39: 312580021 | D39: 55064.58 | E39: 0.437952 | F39: 0.292434 | G39: 0.208367 | H39: 0.136877 | I39: 54.321 | J39: PASS | K39: PASS | L39: PASS | M39: 0.487747 | N39: 0.354031 | O39: 0.255233 | P39: 0.165621 | Q39: 60 | R39: =IF($M39=0,0,20-INDEX({0,1,2,3,4,5,6,7,8,9,10,11,12,13,14,15,16,17,18,19,20},IFERROR(MATCH($M39,$D$136:$D$156,-1),0)+1)) -> 13 | S39: 15 | U39: =Q39+R39+S39+T39 -> 88
A40: 胡芮墉 | B40: 電機碩 / GEE | C40: 312580041 | D40: 56310.08 | E40: 0.446165 | F40: 0.310373 | G40: 0.226423 | H40: 0.155282 | I40: 29.842 | J40: PASS | K40: PASS | L40: PASS | M40: 0.493043 | N40: 0.367363 | O40: 0.275544 | P40: 0.198582 | Q40: 60 | R40: =IF($M40=0,0,20-INDEX({0,1,2,3,4,5,6,7,8,9,10,11,12,13,14,15,16,17,18,19,20},IFERROR(MATCH($M40,$D$136:$D$156,-1),0)+1)) -> 14 | S40: 17 | U40: =Q40+R40+S40+T40 -> 91
A41: 陳沛鴻 | B41: 前瞻半導體 / Pio-SEMI | C41: 312580072 | D41: 0 | E41: 0 | F41: 0 | G41: 0 | H41: 0 | I41: 0 | J41: FAIL | K41: FAIL | L41: FAIL | M41: 0 | N41: 0 | O41: 0 | P41: 0 | Q41: 0 | R41: =IF($M41=0,0,20-INDEX({0,1,2,3,4,5,6,7,8,9,10,11,12,13,14,15,16,17,18,19,20},IFERROR(MATCH($M41,$D$136:$D$156,-1),0)+1)) -> 0 | S41: 0 | U41: =Q41+R41+S41+T41 -> 0 | V41: No submission
A42: 林志勳 | B42: 半導體碩 / CST | C42: 312591041 | D42: 84676.93 | E42: 0.273599 | F42: 0.145925 | G42: 0.079273 | H42: 0.039716 | I42: 6.506 | J42: PASS | K42: PASS | L42: PASS | M42: 0.298147 | N42: 0.149048 | O42: 0.078675 | P42: 0.037435 | Q42: 60 | R42: =IF($M42=0,0,20-INDEX({0,1,2,3,4,5,6,7,8,9,10,11,12,13,14,15,16,17,18,19,20},IFERROR(MATCH($M42,$D$136:$D$156,-1),0)+1)) -> 1 | S42: 15 | U42: =Q42+R42+S42+T42 -> 76
A43: 顧冠群 | B43: 人工智慧 / AIG | C43: 313505013 | D43: 89435.08 | E43: 0.393148 | F43: 0.255085 | G43: 0.180421 | H43: 0.132753 | I43: 3.226 | J43: PASS | K43: PASS | L43: PASS | M43: 0.434517 | N43: 0.290211 | O43: 0.203556 | P43: 0.148578 | Q43: 60 | R43: =IF($M43=0,0,20-INDEX({0,1,2,3,4,5,6,7,8,9,10,11,12,13,14,15,16,17,18,19,20},IFERROR(MATCH($M43,$D$136:$D$156,-1),0)+1)) -> 7 | S43: 15 | U43: =Q43+R43+S43+T43 -> 82
A44: 施雨靈 | B44: 電子碩 / IEE | C44: 313510001 | D44: 20233.54 | E44: 0.451447 | F44: 0.318481 | G44: 0.223055 | H44: 0.153802 | I44: 3.746 | J44: PASS | K44: PASS | L44: PASS | M44: 0.501313 | N44: 0.370662 | O44: 0.265601 | P44: 0.186519 | Q44: 60 | R44: =IF($M44=0,0,20-INDEX({0,1,2,3,4,5,6,7,8,9,10,11,12,13,14,15,16,17,18,19,20},IFERROR(MATCH($M44,$D$136:$D$156,-1),0)+1)) -> 15 | S44: 15 | U44: =Q44+R44+S44+T44 -> 90
A45: 陳楷棋 | B45: 電子碩 / IEE | C45: 313510134 | D45: 47894.85 | E45: 0.430642 | F45: 0.280933 | G45: 0.183447 | H45: 0.114317 | I45: 22.128 | J45: PASS | K45: PASS | L45: PASS | M45: 0.459972 | N45: 0.316942 | O45: 0.211261 | P45: 0.144869 | Q45: 60 | R45: =IF($M45=0,0,20-INDEX({0,1,2,3,4,5,6,7,8,9,10,11,12,13,14,15,16,17,18,19,20},IFERROR(MATCH($M45,$D$136:$D$156,-1),0)+1)) -> 9 | S45: 16 | T45: -5 | U45: =Q45+R45+S45+T45 -> 80
A46: 陳柏翔 | B46: 電子碩 / IEE | C46: 313510156 | D46: 24759.88 | E46: 0.464407 | F46: 0.329711 | G46: 0.241849 | H46: 0.176885 | I46: 7.212 | J46: PASS | K46: PASS | L46: PASS | M46: 0.508754 | N46: 0.370882 | O46: 0.277555 | P46: 0.202505 | Q46: 60 | R46: =IF($M46=0,0,20-INDEX({0,1,2,3,4,5,6,7,8,9,10,11,12,13,14,15,16,17,18,19,20},IFERROR(MATCH($M46,$D$136:$D$156,-1),0)+1)) -> 17 | S46: 20 | U46: =Q46+R46+S46+T46 -> 97
A47: 余姿燕 | B47: 電子碩 / IEE | C47: 313510159 | D47: 23970.12 | E47: 0.439186 | F47: 0.29784 | G47: 0.197163 | H47: 0.137003 | I47: 2.235 | J47: PASS | K47: PASS | L47: PASS | M47: 0.49503 | N47: 0.372587 | O47: 0.266707 | P47: 0.202329 | Q47: 60 | R47: =IF($M47=0,0,20-INDEX({0,1,2,3,4,5,6,7,8,9,10,11,12,13,14,15,16,17,18,19,20},IFERROR(MATCH($M47,$D$136:$D$156,-1),0)+1)) -> 15 | S47: 15 | U47: =Q47+R47+S47+T47 -> 90
A48: 胡睿庭 | B48: 電子碩 / IEE | C48: 313510172 | D48: 69830.98 | E48: 0.428612 | F48: 0.301127 | G48: 0.221291 | H48: 0.162228 | I48: 7.14 | J48: PASS | K48: PASS | L48: PASS | M48: 0.485466 | N48: 0.360853 | O48: 0.253737 | P48: 0.173667 | Q48: 60 | R48: =IF($M48=0,0,20-INDEX({0,1,2,3,4,5,6,7,8,9,10,11,12,13,14,15,16,17,18,19,20},IFERROR(MATCH($M48,$D$136:$D$156,-1),0)+1)) -> 12 | S48: 18 | U48: =Q48+R48+S48+T48 -> 90
A49: 林槿茹 | B49: 電子碩 / IEE | C49: 313510178 | D49: 62607.68 | E49: 0.415854 | F49: 0.277264 | G49: 0.196992 | H49: 0.141314 | I49: 3.502 | J49: PASS | K49: PASS | L49: PASS | M49: 0.473045 | N49: 0.326673 | O49: 0.223663 | P49: 0.162333 | Q49: 60 | R49: =IF($M49=0,0,20-INDEX({0,1,2,3,4,5,6,7,8,9,10,11,12,13,14,15,16,17,18,19,20},IFERROR(MATCH($M49,$D$136:$D$156,-1),0)+1)) -> 10 | S49: 15 | U49: =Q49+R49+S49+T49 -> 85
A50: 宋玉磊 | B50: 電子碩 / IEE | C50: 313510194 | D50: 41447.75 | E50: 0.401284 | F50: 0.260889 | G50: 0.170203 | H50: 0.113016 | I50: 2.527 | J50: PASS | K50: PASS | L50: PASS | M50: 0.431458 | N50: 0.300342 | O50: 0.20006 | P50: 0.139343 | Q50: 60 | R50: =IF($M50=0,0,20-INDEX({0,1,2,3,4,5,6,7,8,9,10,11,12,13,14,15,16,17,18,19,20},IFERROR(MATCH($M50,$D$136:$D$156,-1),0)+1)) -> 6 | S50: 16 | T50: -5 | U50: =Q50+R50+S50+T50 -> 77
A51: 吳彥忞 | B51: 電子碩 / IEE | C51: 313510196 | D51: 75202.88 | E51: 0.337559 | F51: 0.200382 | G51: 0.135301 | H51: 0.09792 | I51: 3.491 | J51: PASS | K51: PASS | L51: PASS | M51: 0.374371 | N51: 0.247082 | O51: 0.164518 | P51: 0.102267 | Q51: 60 | R51: =IF($M51=0,0,20-INDEX({0,1,2,3,4,5,6,7,8,9,10,11,12,13,14,15,16,17,18,19,20},IFERROR(MATCH($M51,$D$136:$D$156,-1),0)+1)) -> 3 | S51: 15 | U51: =Q51+R51+S51+T51 -> 78
A52: 廖紹閔 | B52: 電子碩 / IEE | C52: 313510212 | D52: 0 | E52: 0 | F52: 0 | G52: 0 | H52: 0 | I52: 0 | J52: FAIL | K52: FAIL | L52: FAIL | M52: 0 | N52: 0 | O52: 0 | P52: 0 | Q52: 0 | R52: =IF($M52=0,0,20-INDEX({0,1,2,3,4,5,6,7,8,9,10,11,12,13,14,15,16,17,18,19,20},IFERROR(MATCH($M52,$D$136:$D$156,-1),0)+1)) -> 0 | S52: 0 | U52: =Q52+R52+S52+T52 -> 0 | V52: No submission
A53: 王睿哲 | B53: 電子碩 / IEE | C53: 313510214 | D53: 84685.12 | E53: 0.471234 | F53: 0.33212 | G53: 0.24022 | H53: 0.165273 | I53: 125.364 | J53: PASS | K53: PASS | L53: PASS | M53: 0.533959 | N53: 0.41112 | O53: 0.312543 | P53: 0.241581 | Q53: 60 | R53: =IF($M53=0,0,20-INDEX({0,1,2,3,4,5,6,7,8,9,10,11,12,13,14,15,16,17,18,19,20},IFERROR(MATCH($M53,$D$136:$D$156,-1),0)+1)) -> 20 | S53: 18 | U53: =Q53+R53+S53+T53 -> 98
A54: 康鈞睿 | B54: 電子碩 / IEE | C54: 313510217 | D54: 22952.26 | E54: 0.436371 | F54: 0.305146 | G54: 0.215877 | H54: 0.150415 | I54: 15.275 | J54: PASS | K54: PASS | L54: PASS | M54: 0.471508 | N54: 0.334513 | O54: 0.232767 | P54: 0.182546 | Q54: 60 | R54: =IF($M54=0,0,20-INDEX({0,1,2,3,4,5,6,7,8,9,10,11,12,13,14,15,16,17,18,19,20},IFERROR(MATCH($M54,$D$136:$D$156,-1),0)+1)) -> 10 | S54: 18 | U54: =Q54+R54+S54+T54 -> 88
A55: 李崇碩 | B55: 電子碩 / IEE | C55: 313510230 | D55: 62474.56 | E55: 0.484707 | F55: 0.347154 | G55: 0.249898 | H55: 0.186942 | I55: 20.442 | J55: PASS | K55: PASS | L55: PASS | M55: 0.535145 | N55: 0.406521 | O55: 0.29301 | P55: 0.195193 | Q55: 60 | R55: =IF($M55=0,0,20-INDEX({0,1,2,3,4,5,6,7,8,9,10,11,12,13,14,15,16,17,18,19,20},IFERROR(MATCH($M55,$D$136:$D$156,-1),0)+1)) -> 20 | S55: 17 | T55: -5 | U55: =Q55+R55+S55+T55 -> 92
A56: 張皓庭 | B56: 電子碩 / IEE | C56: 313510234 | D56: 35842.37 | E56: 0.444727 | F56: 0.301281 | G56: 0.21803 | H56: 0.155934 | I56: 5.895 | J56: PASS | K56: PASS | L56: PASS | M56: 0.496042 | N56: 0.35866 | O56: 0.255624 | P56: 0.169798 | Q56: 60 | R56: =IF($M56=0,0,20-INDEX({0,1,2,3,4,5,6,7,8,9,10,11,12,13,14,15,16,17,18,19,20},IFERROR(MATCH($M56,$D$136:$D$156,-1),0)+1)) -> 15 | S56: 16 | U56: =Q56+R56+S56+T56 -> 91
A57: 陳冠辰 | B57: 電子碩 / IEE | C57: 313510237 | D57: 99958.85 | E57: 0.457557 | F57: 0.313538 | G57: 0.226192 | H57: 0.156048 | I57: 45.246 | J57: PASS | K57: PASS | L57: PASS | M57: 0.490668 | N57: 0.355724 | O57: 0.264345 | P57: 0.180188 | Q57: 60 | R57: =IF($M57=0,0,20-INDEX({0,1,2,3,4,5,6,7,8,9,10,11,12,13,14,15,16,17,18,19,20},IFERROR(MATCH($M57,$D$136:$D$156,-1),0)+1)) -> 14 | S57: 16 | T57: -5 | U57: =Q57+R57+S57+T57 -> 85
A58: 阮楷勳 | B58: 電子碩 / IEE | C58: 313510244 | D58: 55066.62 | E58: 0.372823 | F58: 0.236659 | G58: 0.14951 | H58: 0.093374 | I58: 14.982 | J58: PASS | K58: PASS | L58: PASS | M58: 0.420146 | N58: 0.280084 | O58: 0.194022 | P58: 0.132055 | Q58: 60 | R58: =IF($M58=0,0,20-INDEX({0,1,2,3,4,5,6,7,8,9,10,11,12,13,14,15,16,17,18,19,20},IFERROR(MATCH($M58,$D$136:$D$156,-1),0)+1)) -> 6 | S58: 19 | T58: -5 | U58: =Q58+R58+S58+T58 -> 80
A59: 鄭人傑 | B59: 電子碩 / IEE | C59: 313510245 | D59: 47571.07 | E59: 0.509699 | F59: 0.364725 | G59: 0.276641 | H59: 0.200604 | I59: 3.5 | J59: PASS | K59: PASS | L59: PASS | M59: 0.55564 | N59: 0.432706 | O59: 0.315674 | P59: 0.220874 | Q59: 60 | R59: =IF($M59=0,0,20-INDEX({0,1,2,3,4,5,6,7,8,9,10,11,12,13,14,15,16,17,18,19,20},IFERROR(MATCH($M59,$D$136:$D$156,-1),0)+1)) -> 20 | S59: 19 | U59: =Q59+R59+S59+T59 -> 99
A60: 林柏言 | B60: 電控碩 / ICN | C60: 313512061 | D60: 84516.86 | E60: 0.374561 | F60: 0.247281 | G60: 0.163038 | H60: 0.102278 | I60: 6.956 | J60: PASS | K60: PASS | L60: PASS | M60: 0.411754 | N60: 0.274241 | O60: 0.184058 | P60: 0.118185 | Q60: 60 | R60: =IF($M60=0,0,20-INDEX({0,1,2,3,4,5,6,7,8,9,10,11,12,13,14,15,16,17,18,19,20},IFERROR(MATCH($M60,$D$136:$D$156,-1),0)+1)) -> 5 | S60: 15 | U60: =Q60+R60+S60+T60 -> 80
A61: 陳致融 | B61: 電信碩 / ECM | C61: 313513029 | D61: 69964.1 | E61: 0.395617 | F61: 0.262259 | G61: 0.18191 | H61: 0.112137 | I61: 15.598 | J61: PASS | K61: PASS | L61: PASS | M61: 0.436453 | N61: 0.311003 | O61: 0.223926 | P61: 0.152876 | Q61: 60 | R61: =IF($M61=0,0,20-INDEX({0,1,2,3,4,5,6,7,8,9,10,11,12,13,14,15,16,17,18,19,20},IFERROR(MATCH($M61,$D$136:$D$156,-1),0)+1)) -> 7 | S61: 15 | U61: =Q61+R61+S61+T61 -> 82
A62: 陳炘威 | B62: 電子博 / IEE | C62: 313580015 | D62: 18361.34 | E62: 0.485682 | F62: 0.345171 | G62: 0.251583 | H62: 0.178566 | I62: 2.228 | J62: PASS | K62: PASS | L62: PASS | M62: 0.524951 | N62: 0.39686 | O62: 0.283424 | P62: 0.215028 | Q62: 60 | R62: =IF($M62=0,0,20-INDEX({0,1,2,3,4,5,6,7,8,9,10,11,12,13,14,15,16,17,18,19,20},IFERROR(MATCH($M62,$D$136:$D$156,-1),0)+1)) -> 19 | S62: 18 | U62: =Q62+R62+S62+T62 -> 97
A63: 吳瑞宸 | B63: 前瞻半導體 / Pio-SEMI | C63: 313580072 | D63: 35030.34 | E63: 0.324916 | F63: 0.205803 | G63: 0.140649 | H63: 0.093725 | I63: 87.629 | J63: PASS | K63: PASS | L63: PASS | M63: 0.331555 | N63: 0.208134 | O63: 0.136366 | P63: 0.084212 | Q63: 60 | R63: =IF($M63=0,0,20-INDEX({0,1,2,3,4,5,6,7,8,9,10,11,12,13,14,15,16,17,18,19,20},IFERROR(MATCH($M63,$D$136:$D$156,-1),0)+1)) -> 2 | S63: 18 | U63: =Q63+R63+S63+T63 -> 80
A64: 蘇宥嘉 | B64: 機器人碩士 / ROB | C64: 313605012 | D64: 92933.44 | E64: 0.285897 | F64: 0.155952 | G64: 0.099765 | H64: 0.054287 | I64: 44.733 | J64: PASS | K64: PASS | L64: PASS | M64: 0.32526 | N64: 0.182234 | O64: 0.118521 | P64: 0.08655 | Q64: 60 | R64: =IF($M64=0,0,20-INDEX({0,1,2,3,4,5,6,7,8,9,10,11,12,13,14,15,16,17,18,19,20},IFERROR(MATCH($M64,$D$136:$D$156,-1),0)+1)) -> 2 | S64: 15 | U64: =Q64+R64+S64+T64 -> 77
A65: 胡育豪 | B65: 人工智慧 / AIG | C65: 314505002 | D65: 69965.12 | E65: 0.47145 | F65: 0.351099 | G65: 0.265588 | H65: 0.187423 | I65: 9.207 | J65: PASS | K65: PASS | L65: PASS | M65: 0.523387 | N65: 0.386938 | O65: 0.287577 | P65: 0.212729 | Q65: 60 | R65: =IF($M65=0,0,20-INDEX({0,1,2,3,4,5,6,7,8,9,10,11,12,13,14,15,16,17,18,19,20},IFERROR(MATCH($M65,$D$136:$D$156,-1),0)+1)) -> 19 | S65: 18 | U65: =Q65+R65+S65+T65 -> 97
A66: 郭茂宇 | B66: 人工智慧 / AIG | C66: 314505004 | D66: 43027.2 | E66: 0.452964 | F66: 0.304243 | G66: 0.218087 | H66: 0.153266 | I66: 153.593 | J66: PASS | K66: PASS | L66: PASS | M66: 0.492337 | N66: 0.357316 | O66: 0.266406 | P66: 0.200991 | Q66: =60*0.7 -> 42 | R66: =IF($M66=0,0,20-INDEX({0,1,2,3,4,5,6,7,8,9,10,11,12,13,14,15,16,17,18,19,20},IFERROR(MATCH($M66,$D$136:$D$156,-1),0)+1)) -> 14 | S66: 17 | U66: =Q66+R66+S66+T66 -> 73 | V66: 補交
A67: 陳垣皓 | B67: 人工智慧 / AIG | C67: 314505008 | D67: 62474.56 | E67: 0.317271 | F67: 0.187811 | G67: 0.132882 | H67: 0.087466 | I67: 19.275 | J67: PASS | K67: PASS | L67: PASS | M67: 0.317343 | N67: 0.185877 | O67: 0.113085 | P67: 0.074251 | Q67: 60 | R67: =IF($M67=0,0,20-INDEX({0,1,2,3,4,5,6,7,8,9,10,11,12,13,14,15,16,17,18,19,20},IFERROR(MATCH($M67,$D$136:$D$156,-1),0)+1)) -> 1 | S67: 17 | U67: =Q67+R67+S67+T67 -> 78
A68: 簡逸杰 | B68: 人工智慧 / AIG | C68: 314505011 | D68: 72830.28 | E68: 0.456699 | F68: 0.323658 | G68: 0.244132 | H68: 0.176544 | I68: 5.432 | J68: PASS | K68: PASS | L68: PASS | M68: 0.509745 | N68: 0.380723 | O68: 0.273009 | P68: 0.176073 | Q68: 60 | R68: =IF($M68=0,0,20-INDEX({0,1,2,3,4,5,6,7,8,9,10,11,12,13,14,15,16,17,18,19,20},IFERROR(MATCH($M68,$D$136:$D$156,-1),0)+1)) -> 17 | S68: 17 | U68: =Q68+R68+S68+T68 -> 94
A69: 馬克俊 | B69: 電子碩 / IEE | C69: 314510022 | D69: 84678.98 | E69: 0.263541 | F69: 0.139152 | G69: 0.073638 | H69: 0.032214 | I69: 5.223 | J69: PASS | K69: PASS | L69: PASS | M69: 0.289557 | N69: 0.162945 | O69: 0.104512 | P69: 0.054608 | Q69: 60 | R69: =IF($M69=0,0,20-INDEX({0,1,2,3,4,5,6,7,8,9,10,11,12,13,14,15,16,17,18,19,20},IFERROR(MATCH($M69,$D$136:$D$156,-1),0)+1)) -> 1 | S69: 15 | U69: =Q69+R69+S69+T69 -> 76
A70: 邱媛婕 | B70: 電子碩 / IEE | C70: 314510028 | D70: 62607.68 | E70: 0.427406 | F70: 0.285193 | G70: 0.191165 | H70: 0.133317 | I70: 2.633 | J70: PASS | K70: PASS | L70: PASS | M70: 0.472963 | N70: 0.331287 | O70: 0.231442 | P70: 0.165261 | Q70: 60 | R70: =IF($M70=0,0,20-INDEX({0,1,2,3,4,5,6,7,8,9,10,11,12,13,14,15,16,17,18,19,20},IFERROR(MATCH($M70,$D$136:$D$156,-1),0)+1)) -> 10 | S70: 16 | U70: =Q70+R70+S70+T70 -> 86
A71: 黃瑜緹 | B71: 電子碩 / IEE | C71: 314510034 | D71: 35811.84 | E71: 0.400602 | F71: 0.259447 | G71: 0.176998 | H71: 0.11233 | I71: 13.892 | J71: PASS | K71: PASS | L71: PASS | M71: 0.43898 | N71: 0.300033 | O71: 0.2124 | P71: 0.157696 | Q71: 60 | R71: =IF($M71=0,0,20-INDEX({0,1,2,3,4,5,6,7,8,9,10,11,12,13,14,15,16,17,18,19,20},IFERROR(MATCH($M71,$D$136:$D$156,-1),0)+1)) -> 7 | S71: 16 | T71: -5 | U71: =Q71+R71+S71+T71 -> 78
A72: 沈上傑 | B72: 電子碩 / IEE | C72: 314510042 | D72: 46956.87 | E72: 0.372066 | F72: 0.222891 | G72: 0.147786 | H72: 0.104731 | I72: 2.671 | J72: PASS | K72: PASS | L72: PASS | M72: 0.414381 | N72: 0.287282 | O72: 0.195242 | P72: 0.116115 | Q72: 60 | R72: =IF($M72=0,0,20-INDEX({0,1,2,3,4,5,6,7,8,9,10,11,12,13,14,15,16,17,18,19,20},IFERROR(MATCH($M72,$D$136:$D$156,-1),0)+1)) -> 5 | S72: 13 | T72: -5 | U72: =Q72+R72+S72+T72 -> 73
A73: 蔡綸鎧 | B73: 電子碩 / IEE | C73: 314510044 | D73: 46956.87 | E73: 0.463859 | F73: 0.320729 | G73: 0.233732 | H73: 0.162563 | I73: 3.887 | J73: PASS | K73: PASS | L73: PASS | M73: 0.520648 | N73: 0.389665 | O73: 0.284976 | P73: 0.209157 | Q73: 60 | R73: =IF($M73=0,0,20-INDEX({0,1,2,3,4,5,6,7,8,9,10,11,12,13,14,15,16,17,18,19,20},IFERROR(MATCH($M73,$D$136:$D$156,-1),0)+1)) -> 19 | S73: 20 | U73: =Q73+R73+S73+T73 -> 99
A74: 陳易聖 | B74: 電子碩 / IEE | C74: 314510067 | D74: 69964.1 | E74: 0.4083 | F74: 0.267887 | G74: 0.186061 | H74: 0.115042 | I74: 3.129 | J74: PASS | K74: PASS | L74: PASS | M74: 0.465863 | N74: 0.333233 | O74: 0.237797 | P74: 0.180547 | Q74: 60 | R74: =IF($M74=0,0,20-INDEX({0,1,2,3,4,5,6,7,8,9,10,11,12,13,14,15,16,17,18,19,20},IFERROR(MATCH($M74,$D$136:$D$156,-1),0)+1)) -> 9 | S74: 13 | U74: =Q74+R74+S74+T74 -> 82
A75: 郭信鋐 | B75: 電子碩 / IEE | C75: 314510072 | D75: 25813.32 | E75: 0.396044 | F75: 0.267362 | G75: 0.180198 | H75: 0.118767 | I75: 2.49 | J75: PASS | K75: PASS | L75: PASS | M75: 0.439472 | N75: 0.313243 | O75: 0.217857 | P75: 0.150584 | Q75: 60 | R75: =IF($M75=0,0,20-INDEX({0,1,2,3,4,5,6,7,8,9,10,11,12,13,14,15,16,17,18,19,20},IFERROR(MATCH($M75,$D$136:$D$156,-1),0)+1)) -> 7 | S75: 15 | U75: =Q75+R75+S75+T75 -> 82
A76: 楊皓翔 | B76: 電子碩 / IEE | C76: 314510094 | D76: 69964.1 | E76: 0.427493 | F76: 0.27249 | G76: 0.18925 | H76: 0.12562 | I76: 3.442 | J76: PASS | K76: PASS | L76: PASS | M76: 0.477147 | N76: 0.350327 | O76: 0.257193 | P76: 0.186559 | Q76: 60 | R76: =IF($M76=0,0,20-INDEX({0,1,2,3,4,5,6,7,8,9,10,11,12,13,14,15,16,17,18,19,20},IFERROR(MATCH($M76,$D$136:$D$156,-1),0)+1)) -> 11 | S76: 14 | T76: -5 | U76: =Q76+R76+S76+T76 -> 80
A77: 蔡翔閔 | B77: 電子碩 / IEE | C77: 314510103 | D77: 27644.23 | E77: 0.339715 | F77: 0.198783 | G77: 0.122264 | H77: 0.078014 | I77: 61.723 | J77: PASS | K77: PASS | L77: PASS | M77: 0.405101 | N77: 0.280767 | O77: 0.185166 | P77: 0.133921 | Q77: 60 | R77: =IF($M77=0,0,20-INDEX({0,1,2,3,4,5,6,7,8,9,10,11,12,13,14,15,16,17,18,19,20},IFERROR(MATCH($M77,$D$136:$D$156,-1),0)+1)) -> 4 | S77: 14 | U77: =Q77+R77+S77+T77 -> 78
A78: 郭育綸 | B78: 電子碩 / IEE | C78: 314510114 | D78: 16785.41 | E78: 0.386781 | F78: 0.237921 | G78: 0.146191 | H78: 0.088511 | I78: 2.54 | J78: PASS | K78: PASS | L78: PASS | M78: 0.420918 | N78: 0.279993 | O78: 0.192716 | P78: 0.141625 | Q78: 60 | R78: =IF($M78=0,0,20-INDEX({0,1,2,3,4,5,6,7,8,9,10,11,12,13,14,15,16,17,18,19,20},IFERROR(MATCH($M78,$D$136:$D$156,-1),0)+1)) -> 6 | S78: 15 | U78: =Q78+R78+S78+T78 -> 81
A79: 李博安 | B79: 電子碩 / IEE | C79: 314510120 | D79: 59455.3 | E79: 0.455454 | F79: 0.317808 | G79: 0.225251 | H79: 0.165603 | I79: 2.476 | J79: PASS | K79: PASS | L79: PASS | M79: 0.525294 | N79: 0.394723 | O79: 0.281194 | P79: 0.207636 | Q79: 60 | R79: =IF($M79=0,0,20-INDEX({0,1,2,3,4,5,6,7,8,9,10,11,12,13,14,15,16,17,18,19,20},IFERROR(MATCH($M79,$D$136:$D$156,-1),0)+1)) -> 19 | S79: 17 | U79: =Q79+R79+S79+T79 -> 96
A80: 蔡東宏 | B80: 電子碩 / IEE | C80: 314510123 | D80: 46673.92 | E80: 0.458035 | F80: 0.316879 | G80: 0.221399 | H80: 0.140585 | I80: 9.797 | J80: PASS | K80: PASS | L80: PASS | M80: 0.520932 | N80: 0.380918 | O80: 0.276684 | P80: 0.221362 | Q80: 60 | R80: =IF($M80=0,0,20-INDEX({0,1,2,3,4,5,6,7,8,9,10,11,12,13,14,15,16,17,18,19,20},IFERROR(MATCH($M80,$D$136:$D$156,-1),0)+1)) -> 19 | S80: 15 | U80: =Q80+R80+S80+T80 -> 94
A81: 張語楹 | B81: 電子碩 / IEE | C81: 314510126 | D81: 11346.24 | E81: 0.407049 | F81: 0.264594 | G81: 0.173794 | H81: 0.115838 | I81: 2.153 | J81: PASS | K81: PASS | L81: PASS | M81: 0.453142 | N81: 0.319435 | O81: 0.238277 | P81: 0.167189 | Q81: 60 | R81: =IF($M81=0,0,20-INDEX({0,1,2,3,4,5,6,7,8,9,10,11,12,13,14,15,16,17,18,19,20},IFERROR(MATCH($M81,$D$136:$D$156,-1),0)+1)) -> 8 | S81: 16 | U81: =Q81+R81+S81+T81 -> 84
A82: 徐立人 | B82: 電子碩 / IEE | C82: 314510130 | D82: 25556.29 | E82: 0.429634 | F82: 0.291791 | G82: 0.205552 | H82: 0.1379 | I82: 22.396 | J82: PASS | K82: PASS | L82: PASS | M82: 0.471029 | N82: 0.348028 | O82: 0.259822 | P82: 0.19605 | Q82: 60 | R82: =IF($M82=0,0,20-INDEX({0,1,2,3,4,5,6,7,8,9,10,11,12,13,14,15,16,17,18,19,20},IFERROR(MATCH($M82,$D$136:$D$156,-1),0)+1)) -> 10 | S82: 15 | U82: =Q82+R82+S82+T82 -> 85
A83: 翁晨凱 | B83: 電子碩 / IEE | C83: 314510131 | D83: 84676.93 | E83: 0.425251 | F83: 0.27944 | G83: 0.195916 | H83: 0.135829 | I83: 123.929 | J83: PASS | K83: PASS | L83: PASS | M83: 0.475815 | N83: 0.343516 | O83: 0.241413 | P83: 0.155141 | Q83: 60 | R83: =IF($M83=0,0,20-INDEX({0,1,2,3,4,5,6,7,8,9,10,11,12,13,14,15,16,17,18,19,20},IFERROR(MATCH($M83,$D$136:$D$156,-1),0)+1)) -> 10 | S83: 16 | U83: =Q83+R83+S83+T83 -> 86
A84: 余家佑 | B84: 電子碩 / IEE | C84: 314510133 | D84: 25546.05 | E84: 0.470198 | F84: 0.339509 | G84: 0.253732 | H84: 0.173489 | I84: 4.437 | J84: PASS | K84: PASS | L84: PASS | M84: 0.510891 | N84: 0.378878 | O84: 0.284041 | P84: 0.189708 | Q84: 60 | R84: =IF($M84=0,0,20-INDEX({0,1,2,3,4,5,6,7,8,9,10,11,12,13,14,15,16,17,18,19,20},IFERROR(MATCH($M84,$D$136:$D$156,-1),0)+1)) -> 17 | S84: 16 | U84: =Q84+R84+S84+T84 -> 93
A85: 麥祐嘉 | B85: 電子碩 / IEE | C85: 314510134 | D85: 20234.56 | E85: 0.447283 | F85: 0.316662 | G85: 0.220153 | H85: 0.149875 | I85: 73.586 | J85: PASS | K85: PASS | L85: PASS | M85: 0.504339 | N85: 0.378584 | O85: 0.27824 | P85: 0.212001 | Q85: 60 | R85: =IF($M85=0,0,20-INDEX({0,1,2,3,4,5,6,7,8,9,10,11,12,13,14,15,16,17,18,19,20},IFERROR(MATCH($M85,$D$136:$D$156,-1),0)+1)) -> 16 | S85: 17 | U85: =Q85+R85+S85+T85 -> 93
A86: 徐衍齊 | B86: 電子碩 / IEE | C86: 314510147 | D86: 69964.1 | E86: 0.306632 | F86: 0.17334 | G86: 0.1012 | H86: 0.063898 | I86: 4.866 | J86: PASS | K86: PASS | L86: PASS | M86: 0.323443 | N86: 0.17586 | O86: 0.102633 | P86: 0.051813 | Q86: 60 | R86: =IF($M86=0,0,20-INDEX({0,1,2,3,4,5,6,7,8,9,10,11,12,13,14,15,16,17,18,19,20},IFERROR(MATCH($M86,$D$136:$D$156,-1),0)+1)) -> 2 | S86: 15 | U86: =Q86+R86+S86+T86 -> 77
A87: 林秉頤 | B87: 電子碩 / IEE | C87: 314510149 | D87: 11880.77 | E87: 0.420998 | F87: 0.275609 | G87: 0.17489 | H87: 0.119364 | I87: 4.653 | J87: PASS | K87: PASS | L87: PASS | M87: 0.478286 | N87: 0.345119 | O87: 0.256382 | P87: 0.182723 | Q87: 60 | R87: =IF($M87=0,0,20-INDEX({0,1,2,3,4,5,6,7,8,9,10,11,12,13,14,15,16,17,18,19,20},IFERROR(MATCH($M87,$D$136:$D$156,-1),0)+1)) -> 11 | S87: 14 | T87: -5 | U87: =Q87+R87+S87+T87 -> 80
A88: 鄭元閔 | B88: 電子碩 / IEE | C88: 314510151 | D88: 42820.42 | E88: 0.447376 | F88: 0.311511 | G88: 0.218171 | H88: 0.161825 | I88: 2.289 | J88: PASS | K88: PASS | L88: PASS | M88: 0.510776 | N88: 0.377601 | O88: 0.274571 | P88: 0.213466 | Q88: 60 | R88: =IF($M88=0,0,20-INDEX({0,1,2,3,4,5,6,7,8,9,10,11,12,13,14,15,16,17,18,19,20},IFERROR(MATCH($M88,$D$136:$D$156,-1),0)+1)) -> 17 | S88: 15 | U88: =Q88+R88+S88+T88 -> 92
A89: 徐煜絨 | B89: 電子碩 / IEE | C89: 314510152 | D89: 24238.4 | E89: 0.481007 | F89: 0.34216 | G89: 0.24966 | H89: 0.183804 | I89: 7.19 | J89: PASS | K89: PASS | L89: PASS | M89: 0.50523 | N89: 0.370275 | O89: 0.280854 | P89: 0.208619 | Q89: 60 | R89: =IF($M89=0,0,20-INDEX({0,1,2,3,4,5,6,7,8,9,10,11,12,13,14,15,16,17,18,19,20},IFERROR(MATCH($M89,$D$136:$D$156,-1),0)+1)) -> 16 | S89: 15 | U89: =Q89+R89+S89+T89 -> 91
A90: 王子嘉 | B90: 電子碩 / IEE | C90: 314510153 | D90: 69804.03 | E90: 0.451475 | F90: 0.312051 | G90: 0.228019 | H90: 0.142671 | I90: 27.027 | J90: PASS | K90: PASS | L90: PASS | M90: 0.484502 | N90: 0.347311 | O90: 0.254864 | P90: 0.19671 | Q90: 60 | R90: =IF($M90=0,0,20-INDEX({0,1,2,3,4,5,6,7,8,9,10,11,12,13,14,15,16,17,18,19,20},IFERROR(MATCH($M90,$D$136:$D$156,-1),0)+1)) -> 12 | S90: 15 | T90: -5 | U90: =Q90+R90+S90+T90 -> 82
A91: 林子恩 | B91: 電子碩 / IEE | C91: 314510157 | D91: 27656.52 | E91: 0.435072 | F91: 0.304646 | G91: 0.232963 | H91: 0.167728 | I91: 2.885 | J91: PASS | K91: PASS | L91: PASS | M91: 0.486745 | N91: 0.354188 | O91: 0.26552 | P91: 0.183727 | Q91: 60 | R91: =IF($M91=0,0,20-INDEX({0,1,2,3,4,5,6,7,8,9,10,11,12,13,14,15,16,17,18,19,20},IFERROR(MATCH($M91,$D$136:$D$156,-1),0)+1)) -> 13 | S91: 14 | U91: =Q91+R91+S91+T91 -> 87
A92: 劉昱旻 | B92: 電子碩 / IEE | C92: 314510166 | D92: 28057.34 | E92: 0.434722 | F92: 0.287042 | G92: 0.209886 | H92: 0.148346 | I92: 2.82 | J92: PASS | K92: PASS | L92: PASS | M92: 0.488126 | N92: 0.352352 | O92: 0.250636 | P92: 0.16948 | Q92: 60 | R92: =IF($M92=0,0,20-INDEX({0,1,2,3,4,5,6,7,8,9,10,11,12,13,14,15,16,17,18,19,20},IFERROR(MATCH($M92,$D$136:$D$156,-1),0)+1)) -> 13 | S92: 14 | U92: =Q92+R92+S92+T92 -> 87
A93: 鄭文碩 | B93: 電子碩 / IEE | C93: 314510173 | D93: 84676.93 | E93: 0.467164 | F93: 0.333446 | G93: 0.246557 | H93: 0.174626 | I93: 20.724 | J93: PASS | K93: PASS | L93: PASS | M93: 0.493065 | N93: 0.357438 | O93: 0.259412 | P93: 0.174975 | Q93: 60 | R93: =IF($M93=0,0,20-INDEX({0,1,2,3,4,5,6,7,8,9,10,11,12,13,14,15,16,17,18,19,20},IFERROR(MATCH($M93,$D$136:$D$156,-1),0)+1)) -> 14 | S93: 14 | U93: =Q93+R93+S93+T93 -> 88
A94: 黃佳暄 | B94: 電子碩 / IEE | C94: 314510174 | D94: 20204.54 | E94: 0.354935 | F94: 0.220022 | G94: 0.149638 | H94: 0.08973 | I94: 6.079 | J94: PASS | K94: PASS | L94: PASS | M94: 0.399698 | N94: 0.263719 | O94: 0.166115 | P94: 0.112745 | Q94: 60 | R94: =IF($M94=0,0,20-INDEX({0,1,2,3,4,5,6,7,8,9,10,11,12,13,14,15,16,17,18,19,20},IFERROR(MATCH($M94,$D$136:$D$156,-1),0)+1)) -> 4 | S94: 15 | U94: =Q94+R94+S94+T94 -> 79
A95: 鄭宇廷 | B95: 電子碩 / IEE | C95: 314510186 | D95: 62607.68 | E95: 0.400399 | F95: 0.2541 | G95: 0.170174 | H95: 0.106107 | I95: 15.551 | J95: PASS | K95: PASS | L95: PASS | M95: 0.410138 | N95: 0.278217 | O95: 0.192362 | P95: 0.115554 | Q95: 60 | R95: =IF($M95=0,0,20-INDEX({0,1,2,3,4,5,6,7,8,9,10,11,12,13,14,15,16,17,18,19,20},IFERROR(MATCH($M95,$D$136:$D$156,-1),0)+1)) -> 5 | S95: 15 | U95: =Q95+R95+S95+T95 -> 80
A96: 張旭 | B96: 電子碩 / IEE | C96: 314510188 | D96: 69964.1 | E96: 0.289065 | F96: 0.16089 | G96: 0.089323 | H96: 0.042843 | I96: 31.081 | J96: PASS | K96: PASS | L96: PASS | M96: 0.314998 | N96: 0.182893 | O96: 0.095443 | P96: 0.058622 | Q96: 60 | R96: =IF($M96=0,0,20-INDEX({0,1,2,3,4,5,6,7,8,9,10,11,12,13,14,15,16,17,18,19,20},IFERROR(MATCH($M96,$D$136:$D$156,-1),0)+1)) -> 1 | S96: 15 | T96: -5 | U96: =Q96+R96+S96+T96 -> 71
A97: 薛油和 | B97: 電子碩 / IEE | C97: 314510189 | D97: 84676.93 | E97: 0.367343 | F97: 0.220981 | G97: 0.13692 | H97: 0.085268 | I97: 60.372 | J97: PASS | K97: PASS | L97: PASS | M97: 0.423747 | N97: 0.294488 | O97: 0.204333 | P97: 0.132578 | Q97: 60 | R97: =IF($M97=0,0,20-INDEX({0,1,2,3,4,5,6,7,8,9,10,11,12,13,14,15,16,17,18,19,20},IFERROR(MATCH($M97,$D$136:$D$156,-1),0)+1)) -> 6 | S97: 14 | U97: =Q97+R97+S97+T97 -> 80
A98: 梁藍天 | B98: 電子碩 / IEE | C98: 314510192 | D98: 84677.96 | E98: 0.426695 | F98: 0.281194 | G98: 0.20649 | H98: 0.147045 | I98: 5.366 | J98: PASS | K98: PASS | L98: PASS | M98: 0.494213 | N98: 0.365421 | O98: 0.269817 | P98: 0.184622 | Q98: 60 | R98: =IF($M98=0,0,20-INDEX({0,1,2,3,4,5,6,7,8,9,10,11,12,13,14,15,16,17,18,19,20},IFERROR(MATCH($M98,$D$136:$D$156,-1),0)+1)) -> 14 | S98: 14 | U98: =Q98+R98+S98+T98 -> 88
A99: 徐瑞澤 | B99: 電子碩 / IEE | C99: 314510195 | D99: 84676.93 | E99: 0.341892 | F99: 0.210164 | G99: 0.149187 | H99: 0.097013 | I99: 83.377 | J99: PASS | K99: PASS | L99: PASS | M99: 0.374703 | N99: 0.233333 | O99: 0.149595 | P99: 0.111326 | Q99: 60 | R99: =IF($M99=0,0,20-INDEX({0,1,2,3,4,5,6,7,8,9,10,11,12,13,14,15,16,17,18,19,20},IFERROR(MATCH($M99,$D$136:$D$156,-1),0)+1)) -> 3 | S99: 16 | U99: =Q99+R99+S99+T99 -> 79
A100: 施夷光 | B100: 電子碩 / IEE | C100: 314510196 | D100: 25814.34 | E100: 0.452831 | F100: 0.316024 | G100: 0.222045 | H100: 0.148007 | I100: 34.126 | J100: PASS | K100: PASS | L100: PASS | M100: 0.49795 | N100: 0.365909 | O100: 0.265042 | P100: 0.195426 | Q100: 60 | R100: =IF($M100=0,0,20-INDEX({0,1,2,3,4,5,6,7,8,9,10,11,12,13,14,15,16,17,18,19,20},IFERROR(MATCH($M100,$D$136:$D$156,-1),0)+1)) -> 15 | S100: 16 | T100: -5 | U100: =Q100+R100+S100+T100 -> 86
...

Sheet Lab04
A1: ID | B1: Name | C1: Report score | D1: Naming error | E1: Task 1 | L1: Task 2-1 | M1: Task 2-2 | S1: Score | T1: Note
E2: load file | F2: load state dict | G2: test acc | H2: sparsity | I2: pass | J2: pass score | K2: performance score | L2: pass score | M2: load file | N2: load state dict | O2: test acc | P2: pass | Q2: pass score | R2: performance score
A3: 811254 | B3: 林知翰 | C3: 33 | D3: N | E3: OK | F3: OK | G3: 0.9068 | H3: 0.7494 | I3: Pass | J3: 15 | K3: 2 | L3: 10 | M3: OK | N3: OK | O3: 0.9192 | P3: Pass | Q3: 15 | R3: 1 | S3: 76
A4: 111261022 | B4: 林品妤 | C4: 0 | D4: N | E4: Fail | I4: Fail | J4: 0 | K4: 0 | L4: 0 | M4: Fail | P4: Fail | Q4: 0 | R4: 0 | S4: 0
A5: 111511003 | B5: 趙立榆 | C5: 0 | D5: N | E5: Fail | I5: Fail | J5: 0 | K5: 0 | L5: 0 | M5: Fail | P5: Fail | Q5: 0 | R5: 0 | S5: 0
A6: 111511005 | B6: 劉邦榆 | C6: 0 | D6: N | E6: Fail | I6: Fail | J6: 0 | K6: 0 | L6: 0 | M6: Fail | P6: Fail | Q6: 0 | R6: 0 | S6: 0
A7: 111511009 | B7: 林后辰 | C7: 34 | D7: N | E7: OK | F7: OK | G7: 0.9004 | H7: 0.9285 | I7: Pass | J7: 15 | K7: 10 | L7: 10 | M7: OK | N7: OK | O7: 0.9256 | P7: Pass | Q7: 15 | R7: 9 | S7: 93
A8: 111511010 | B8: 莊之睿 | C8: 32 | D8: N | E8: OK | F8: OK | G8: 0.9006 | H8: 0.91 | I8: Pass | J8: 15 | K8: 9 | L8: 10 | M8: OK | N8: OK | O8: 0.9262 | P8: Pass | Q8: 15 | R8: 10 | S8: 91
A9: 111511057 | B9: 郭弋愷 | C9: 33 | D9: N | E9: OK | F9: OK | G9: 0.9021 | H9: 0.82 | I9: Pass | J9: 15 | K9: 4 | L9: 10 | M9: OK | N9: OK | O9: 0.9233 | P9: Pass | Q9: 15 | R9: 2 | S9: 79
A10: 111511059 | B10: 茆鎮育 | C10: 0 | D10: N | E10: Fail | I10: Fail | J10: 0 | K10: 0 | L10: 0 | M10: Fail | P10: Fail | Q10: 0 | R10: 0 | S10: 0
A11: 111511093 | B11: 簡宗弘 | C11: 36 | D11: N | E11: OK | F11: OK | G11: 0.9004 | H11: 0.8823 | I11: Pass | J11: 15 | K11: 6 | L11: 10 | M11: OK | N11: OK | O11: 0.9255 | P11: Pass | Q11: 15 | R11: 9 | S11: 91
A12: 111511095 | B12: 林守凡 | C12: 32 | D12: N | E12: OK | F12: OK | G12: 0.9018 | H12: 0.8313 | I12: Pass | J12: 15 | K12: 4 | L12: 10 | M12: OK | N12: OK | O12: 0.9231 | P12: Pass | Q12: 15 | R12: 1 | S12: 77
A13: 111511099 | B13: 陳禹丞 | C13: 35 | D13: N | E13: OK | F13: OK | G13: 0.9045 | H13: 0.9064 | I13: Pass | J13: 15 | K13: 8 | L13: 10 | M13: OK | N13: OK | O13: 0.925 | P13: Pass | Q13: 15 | R13: 7 | S13: 90
A14: 111511158 | B14: 陳郡佑 | C14: 30 | D14: N | E14: OK | F14: OK | G14: 0.908 | H14: 0.7599 | I14: Pass | J14: 15 | K14: 2 | L14: 10 | M14: OK | N14: OK | O14: 0.9255 | P14: Pass | Q14: 15 | R14: 9 | S14: 81
A15: 111511163 | B15: 劉哲丞 | C15: 34 | D15: N | E15: OK | F15: OK | G15: 0.901 | H15: 0.7702 | I15: Pass | J15: 15 | K15: 2 | L15: 10 | M15: OK | N15: OK | O15: 0.9239 | P15: Pass | Q15: 15 | R15: 3 | S15: 74 | T15: task1 ipynb late
A16: 111511186 | B16: 鍾宗揚 | C16: 33 | D16: N | E16: OK | F16: OK | G16: 0.9034 | H16: 0.91 | I16: Pass | J16: 15 | K16: 9 | L16: 10 | M16: OK | N16: OK | O16: 0.9238 | P16: Pass | Q16: 15 | R16: 3 | S16: 85
A17: 111511208 | B17: 林文遠 | C17: 33 | D17: N | E17: OK | F17: OK | G17: 0.9002 | H17: 0.9363 | I17: Pass | J17: 15 | K17: 10 | L17: 10 | M17: OK | N17: OK | O17: 0.9249 | P17: Pass | Q17: 15 | R17: 7 | S17: 90
A18: 111511211 | B18: 賴柏任 | C18: 35 | D18: N | E18: OK | F18: OK | G18: 0.9009 | H18: 0.8003 | I18: Pass | J18: 15 | K18: 3 | L18: 10 | M18: OK | N18: OK | O18: 0.9251 | P18: Pass | Q18: 15 | R18: 7 | S18: 85
A19: 111511240 | B19: 王乙棠 | C19: 39 | D19: N | E19: OK | F19: OK | G19: 0.9025 | H19: 0.8671 | I19: Pass | J19: 15 | K19: 5 | L19: 10 | M19: OK | N19: OK | O19: 0.9253 | P19: Pass | Q19: 15 | R19: 8 | S19: 92
A20: 111511247 | B20: 李宇翔 | C20: 36 | D20: N | E20: OK | F20: OK | G20: 0.9016 | H20: 0.8905 | I20: Pass | J20: 15 | K20: 7 | L20: 10 | M20: OK | N20: OK | O20: 0.9252 | P20: Pass | Q20: 15 | R20: 8 | S20: 91
A21: 111511249 | B21: 李昱承 | C21: 37 | D21: N | E21: OK | F21: OK | G21: 0.9016 | H21: 0.9245 | I21: Pass | J21: 15 | K21: 9 | L21: 10 | M21: OK | N21: OK | O21: 0.9251 | P21: Pass | Q21: 15 | R21: 7 | S21: 93
A22: 111511253 | B22: 鄭丞佑 | C22: 32 | D22: N | E22: OK | F22: OK | G22: 0.9056 | H22: 0.6378 | I22: Pass | J22: 15 | K22: 1 | L22: 10 | M22: OK | N22: OK | O22: 0.9244 | P22: Pass | Q22: 15 | R22: 5 | S22: 72 | T22: Task 2-2 late
A23: 111511260 | B23: 王信諺 | C23: 38 | D23: N | E23: OK | F23: OK | G23: 0.9013 | H23: 0.895 | I23: Pass | J23: 15 | K23: 7 | L23: 10 | M23: OK | N23: OK | O23: 0.9253 | P23: Pass | Q23: 15 | R23: 8 | S23: 93
A24: 111511263 | B24: 洪偉軒 | C24: 32 | D24: N | E24: OK | F24: OK | G24: 0.9033 | H24: 0.8043 | I24: Pass | J24: 15 | K24: 3 | L24: 10 | M24: OK | N24: OK | O24: 92.41%% | P24: Pass | Q24: 15 | R24: 4 | S24: 73 | T24: Task 2-2 late
A25: 111511273 | B25: 陳沿霖 | C25: 31 | D25: N | E25: OK | F25: OK | G25: 0.9063 | H25: 0.8117 | I25: Pass | J25: 15 | K25: 3 | L25: 10 | M25: OK | N25: OK | O25: 0.9234 | P25: Pass | Q25: 15 | R25: 2 | S25: 76
A26: 111511306 | B26: 黃治鈞 | C26: 33 | D26: N | E26: OK | F26: OK | G26: 0.9104 | H26: 0.599 | I26: Pass | J26: 15 | K26: 1 | L26: 10 | M26: OK | N26: OK | O26: 0.9248 | P26: Pass | Q26: 15 | R26: 6 | S26: 80
A27: 111511307 | B27: 唐以理 | C27: 31 | D27: N | E27: OK | F27: OK | G27: 0.9453 | H27: 0.9 | I27: Pass | J27: 15 | K27: 8 | L27: 10 | M27: OK | N27: OK | O27: 0.9259 | P27: Pass | Q27: 15 | R27: 10 | S27: 89
A28: 111511308 | B28: 陳奕廷 | C28: 37 | D28: N | E28: OK | F28: OK | G28: 0.9083 | H28: 0.9099 | I28: Pass | J28: 15 | K28: 8 | L28: 10 | M28: OK | N28: OK | O28: 0.9235 | P28: Pass | Q28: 15 | R28: 3 | S28: 88
A29: 111610032 | B29: 薛天其 | C29: 39 | D29: Y | E29: OK | F29: OK | G29: 0.9058 | H29: 0.8516 | I29: Pass | J29: 15 | K29: 5 | L29: 10 | M29: OK | N29: OK | O29: 0.9248 | P29: Pass | Q29: 15 | R29: 6 | S29: 85 | T29: .ipynb files naming error
A30: 111611088 | B30: 林柏伸 | C30: 37 | D30: N | E30: OK | F30: OK | G30: 0.9049 | H30: 0.94 | I30: Pass | J30: 15 | K30: 10 | L30: 10 | M30: OK | N30: OK | O30: 0.923 | P30: Pass | Q30: 15 | R30: 1 | S30: 88
A31: 111651009 | B31: 謝歷恩 | C31: 38 | D31: N | E31: OK | F31: OK | G31: 0.905 | H31: 0.8 | I31: Pass | J31: 15 | K31: 3 | L31: 10 | M31: OK | N31: OK | O31: 0.9244 | P31: Pass | Q31: 15 | R31: 5 | S31: 86
A32: 111652031 | B32: 鐘邦郡 | C32: 35 | D32: N | E32: OK | F32: OK | G32: 0.9001 | H32: 0.8492 | I32: Pass | J32: 15 | K32: 4 | L32: 10 | M32: OK | N32: OK | O32: 0.9251 | P32: Pass | Q32: 15 | R32: 7 | S32: 86
A33: 112511152 | B33: 吳俊叡 | C33: 28 | D33: N | E33: OK | F33: OK | G33: 0.9189 | H33: 0.5629 | I33: Pass | J33: 15 | K33: 1 | L33: 10 | M33: OK | N33: OK | O33: 0.9241 | P33: Pass | Q33: 15 | R33: 4 | S33: 73
A34: 311510190 | B34: 黃子倫 | C34: 28 | D34: N | E34: OK | F34: OK | G34: 0.9212 | H34: 0.5 | I34: Pass | J34: 15 | K34: 0 | L34: 10 | M34: OK | N34: OK | O34: 0.9245 | P34: Pass | Q34: 15 | R34: 5 | S34: 73
A35: 311515050 | B35: 林益葳 | C35: 27 | D35: N | E35: OK | F35: OK | G35: 0.9046 | H35: 0.8078 | I35: Pass | J35: 15 | K35: 3 | L35: 10 | M35: OK | N35: OK | O35: 0.9233 | P35: Pass | Q35: 15 | R35: 2 | S35: 72
A36: 312510067 | B36: 張譽耀 | C36: 35 | D36: N | E36: OK | F36: OK | G36: 0.9062 | H36: 0.88 | I36: Pass | J36: 15 | K36: 6 | L36: 10 | M36: OK | N36: OK | O36: 0.9246 | P36: Pass | Q36: 15 | R36: 5 | S36: 86
A37: 312510123 | B37: 邱棋胤 | C37: 38 | D37: Y | E37: OK | F37: OK | G37: 0.9016 | H37: 0.8704 | I37: Pass | J37: 15 | K37: 6 | L37: 10 | M37: OK | N37: OK | O37: 0.9249 | P37: Pass | Q37: 15 | R37: 7 | S37: 86 | T37: .ipynb files naming error
A38: 312511041 | B38: 黃建廷 | C38: 35 | D38: N | E38: OK | F38: OK | G38: 0.9035 | H38: 0.865 | I38: Pass | J38: 15 | K38: 5 | L38: 10 | M38: OK | N38: OK | O38: 0.924 | P38: Pass | Q38: 15 | R38: 4 | S38: 84
A39: 312580021 | B39: 余唯愷 | C39: 36 | D39: N | E39: OK | F39: OK | G39: 0.9061 | H39: 0.8949 | I39: Pass | J39: 15 | K39: 7 | L39: 10 | M39: OK | N39: OK | O39: 0.9242 | P39: Pass | Q39: 15 | R39: 4 | S39: 87
A40: 312580041 | B40: 胡芮墉 | C40: 38 | D40: N | E40: OK | F40: OK | G40: 0.9001 | H40: 0.8649 | I40: Pass | J40: 15 | K40: 5 | L40: 10 | M40: OK | N40: OK | O40: 0.9257 | P40: Pass | Q40: 15 | R40: 9 | S40: 92
A41: 312580072 | B41: 陳沛鴻 | C41: 0 | D41: N | E41: Fail | I41: Fail | J41: 0 | K41: 0 | L41: 0 | M41: Fail | P41: Fail | Q41: 0 | R41: 0 | S41: 0
A42: 312591041 | B42: 林志勳 | C42: 32 | D42: N | E42: OK | F42: OK | G42: 0.9095 | H42: 0.7204 | I42: Pass | J42: 15 | K42: 2 | L42: 10 | M42: OK | N42: OK | O42: 0.9235 | P42: Pass | Q42: 15 | R42: 3 | S42: 54 | T42: Late
A43: 313505013 | B43: 顧冠群 | C43: 36 | D43: N | E43: OK | F43: OK | G43: 0.9098 | H43: 0.8765 | I43: Pass | J43: 15 | K43: 6 | L43: 10 | M43: OK | N43: OK | O43: 0.9226 | P43: Pass | Q43: 15 | R43: 1 | S43: 83
A44: 313510001 | B44: 施雨靈 | C44: 36 | D44: N | E44: OK | F44: OK | G44: 0.9045 | H44: 0.9143 | I44: Pass | J44: 15 | K44: 9 | L44: 10 | M44: OK | N44: OK | O44: 0.9253 | P44: Pass | Q44: 15 | R44: 8 | S44: 93
A45: 313510134 | B45: 陳楷棋 | C45: 36 | D45: N | E45: OK | F45: OK | G45: 0.9053 | H45: 0.85 | I45: Pass | J45: 15 | K45: 5 | L45: 10 | M45: OK | N45: OK | O45: 0.9237 | P45: Pass | Q45: 15 | R45: 3 | S45: 84
A46: 313510156 | B46: 陳柏翔 | C46: 39 | D46: N | E46: OK | F46: OK | G46: 0.9057 | H46: 0.9201 | I46: Pass | J46: 15 | K46: 9 | L46: 10 | M46: OK | N46: OK | O46: 0.927 | P46: Pass | Q46: 15 | R46: 10 | S46: 98
A47: 313510159 | B47: 余姿燕 | C47: 36 | D47: N | E47: OK | F47: OK | G47: 0.9044 | H47: 0.8718 | I47: Pass | J47: 15 | K47: 6 | L47: 10 | M47: OK | N47: OK | O47: 0.9254 | P47: Pass | Q47: 15 | R47: 8 | S47: 90
A48: 313510172 | B48: 胡睿庭 | C48: 37 | D48: N | E48: OK | F48: OK | G48: 0.9016 | H48: 0.875 | I48: Pass | J48: 15 | K48: 6 | L48: 10 | M48: OK | N48: OK | O48: 0.9247 | P48: Pass | Q48: 15 | R48: 6 | S48: 89
A49: 313510178 | B49: 林槿茹 | C49: 36 | D49: N | E49: OK | F49: OK | G49: 0.9004 | H49: 0.91 | I49: Pass | J49: 15 | K49: 9 | L49: 10 | M49: OK | N49: OK | O49: 0.9245 | P49: Pass | Q49: 15 | R49: 5 | S49: 90
A50: 313510194 | B50: 宋玉磊 | C50: 36 | D50: Y | E50: OK | F50: OK | G50: 0.9044 | H50: 0.5816 | I50: Pass | J50: 15 | K50: 1 | L50: 10 | M50: OK | N50: OK | O50: 0.9225 | P50: Pass | Q50: 15 | R50: 1 | S50: 73 | T50: .zip file naming error
A51: 313510196 | B51: 吳彥忞 | C51: 36 | D51: Y | E51: OK | F51: OK | G51: 0.9043 | H51: 0.8278 | I51: Pass | J51: 15 | K51: 4 | L51: 10 | M51: OK | N51: OK | O51: 0.9232 | P51: Pass | Q51: 15 | R51: 2 | S51: 77 | T51: task1 ipynb naming error
A52: 313510212 | B52: 廖紹閔 | C52: 0 | D52: N | E52: Fail | I52: Fail | J52: 0 | K52: 0 | L52: 0 | M52: Fail | P52: Fail | Q52: 0 | R52: 0 | S52: 0
A53: 313510214 | B53: 王睿哲 | C53: 38 | D53: N | E53: OK | F53: OK | G53: 0.9021 | H53: 0.93 | I53: Pass | J53: 15 | K53: 10 | L53: 10 | M53: OK | N53: OK | O53: 0.9241 | P53: Pass | Q53: 15 | R53: 4 | S53: 92
A54: 313510217 | B54: 康鈞睿 | C54: 38 | D54: N | E54: OK | F54: OK | G54: 0.8999 | H54: 0.91 | I54: Pass | J54: 15 | K54: 8 | L54: 10 | M54: OK | N54: OK | O54: 0.926 | P54: Pass | Q54: 15 | R54: 10 | S54: 96
A55: 313510230 | B55: 李崇碩 | C55: 38 | D55: N | E55: OK | F55: OK | G55: 0.9048 | H55: 0.935 | I55: Pass | J55: 15 | K55: 10 | L55: 10 | M55: OK | N55: OK | O55: 0.9256 | P55: Pass | Q55: 15 | R55: 9 | S55: 97
A56: 313510234 | B56: 張皓庭 | C56: 32 | D56: N | E56: OK | F56: OK | G56: 0.9017 | H56: 0.8503 | I56: Pass | J56: 15 | K56: 5 | L56: 10 | M56: OK | N56: OK | O56: 0.925 | P56: Pass | Q56: 15 | R56: 7 | S56: 84
A57: 313510237 | B57: 陳冠辰 | C57: 35 | D57: Y | E57: OK | F57: OK | G57: 0.9061 | H57: 0.8 | I57: Pass | J57: 15 | K57: 3 | L57: 10 | M57: OK | N57: OK | O57: 0.9246 | P57: Pass | Q57: 15 | R57: 5 | S57: 78 | T57: report naming error
A58: 313510244 | B58: 阮楷勳 | C58: 37 | D58: Y | E58: OK | F58: OK | G58: 0.901 | H58: 0.85 | I58: Pass | J58: 15 | K58: 5 | L58: 10 | M58: OK | N58: OK | O58: 0.9245 | P58: Pass | Q58: 15 | R58: 5 | S58: 82 | T58: .ipynb files naming error
A59: 313510245 | B59: 鄭人傑 | C59: 34 | D59: Y | E59: OK | F59: OK | G59: 0.9051 | H59: 0.9185 | I59: Pass | J59: 15 | K59: 9 | L59: 10 | M59: OK | N59: OK | O59: 0.9257 | P59: Pass | Q59: 15 | R59: 9 | S59: 87 | T59: .ipynb files naming error
A60: 313512061 | B60: 林柏言 | C60: 34 | D60: N | E60: OK | F60: OK | G60: 0.9023 | H60: 0.925 | I60: Pass | J60: 15 | K60: 9 | L60: 10 | M60: OK | N60: OK | O60: 0.9228 | P60: Pass | Q60: 15 | R60: 1 | S60: 84
A61: 313513029 | B61: 陳致融 | C61: 35 | D61: N | E61: OK | F61: OK | G61: 0.901 | H61: 0.888 | I61: Pass | J61: 15 | K61: 7 | L61: 10 | M61: OK | N61: OK | O61: 0.9257 | P61: Pass | Q61: 15 | R61: 9 | S61: 91
A62: 313580015 | B62: 陳炘威 | C62: 26 | D62: N | E62: OK | F62: OK | G62: 0.9227 | H62: 0.5478 | I62: Pass | J62: 15 | K62: 1 | L62: 10 | M62: OK | N62: OK | O62: 0.92 | P62: Pass | Q62: 15 | R62: 1 | S62: 68
A63: 313580072 | B63: 吳瑞宸 | C63: 37 | D63: N | E63: OK | F63: OK | G63: 0.903 | H63: 0.8 | I63: Pass | J63: 15 | K63: 3 | L63: 10 | M63: OK | N63: OK | O63: 0.9233 | P63: Pass | Q63: 15 | R63: 2 | S63: 82
A64: 313605012 | B64: 蘇宥嘉 | C64: 32 | D64: N | E64: OK | F64: OK | G64: 0.9141 | H64: 0.7988 | I64: Pass | J64: 15 | K64: 2 | L64: 10 | M64: OK | N64: OK | O64: 0.9239 | P64: Pass | Q64: 15 | R64: 3 | S64: 77
A65: 314505002 | B65: 胡育豪 | C65: 37 | D65: N | E65: OK | F65: OK | G65: 0.9045 | H65: 0.8783 | I65: Pass | J65: 15 | K65: 6 | L65: 10 | M65: OK | N65: OK | O65: 0.9231 | P65: Pass | Q65: 15 | R65: 1 | S65: 84
A66: 314505004 | B66: 郭茂宇 | C66: 37 | D66: N | E66: OK | F66: OK | G66: 0.9028 | H66: 0.9 | I66: Pass | J66: 15 | K66: 8 | L66: 10 | M66: OK | N66: OK | O66: 0.926 | P66: Pass | Q66: 15 | R66: 10 | S66: 95
A67: 314505008 | B67: 陳垣皓 | C67: 35 | D67: N | E67: OK | F67: OK | G67: 0.9003 | H67: 0.8499 | I67: Pass | J67: 15 | K67: 4 | L67: 10 | M67: OK | N67: OK | O67: 0.926 | P67: Pass | Q67: 15 | R67: 10 | S67: 89
A68: 314505011 | B68: 簡逸杰 | C68: 36 | D68: N | E68: OK | F68: OK | G68: 0.9187 | H68: 0.5002 | I68: Pass | J68: 15 | K68: 0 | L68: 10 | M68: OK | N68: OK | O68: 0.9232 | P68: Pass | Q68: 15 | R68: 2 | S68: 78
A69: 314510022 | B69: 馬克俊 | C69: 40 | D69: Y | E69: OK | F69: OK | G69: 0.9013 | H69: 0.925 | I69: Pass | J69: 15 | K69: 9 | L69: 10 | M69: OK | N69: OK | O69: 0.9253 | P69: Pass | Q69: 15 | R69: 8 | S69: 92 | T69: .ipynb and report files naming error
A70: 314510028 | B70: 邱媛婕 | C70: 36 | D70: N | E70: OK | F70: OK | G70: 0.9021 | H70: 0.8851 | I70: Pass | J70: 15 | K70: 6 | L70: 10 | M70: OK | N70: OK | O70: 0.9237 | P70: Pass | Q70: 15 | R70: 3 | S70: 85
A71: 314510034 | B71: 黃瑜緹 | C71: 32 | D71: N | E71: OK | F71: OK | G71: 0.926 | H71: 0.502 | I71: Pass | J71: 15 | K71: 1 | L71: 10 | M71: OK | N71: OK | O71: 0.9238 | P71: Pass | Q71: 15 | R71: 3 | S71: 76
A72: 314510042 | B72: 沈上傑 | C72: 27 | D72: Y | E72: OK | F72: OK | G72: 0.9192 | H72: 0.5 | I72: Pass | J72: 15 | K72: 0 | L72: 10 | M72: OK | N72: OK | O72: 0.9236 | P72: Pass | Q72: 15 | R72: 3 | S72: 60 | T72: Submission is not a zip file, quantization.pt late
A73: 314510044 | B73: 蔡綸鎧 | C73: 34 | D73: N | E73: OK | F73: OK | G73: 0.9006 | H73: 0.9114 | I73: Pass | J73: 15 | K73: 9 | L73: 10 | M73: OK | N73: OK | O73: 0.9253 | P73: Pass | Q73: 15 | R73: 8 | S73: 91
A74: 314510067 | B74: 陳易聖 | C74: 33 | D74: N | E74: OK | F74: OK | G74: 0.9072 | H74: 0.8611 | I74: Pass | J74: 15 | K74: 5 | L74: 10 | M74: OK | N74: OK | O74: 0.9243 | P74: Pass | Q74: 15 | R74: 4 | S74: 82
A75: 314510072 | B75: 郭信鋐 | C75: 36 | D75: N | E75: OK | F75: OK | G75: 0.9039 | H75: 0.94 | I75: Pass | J75: 15 | K75: 10 | L75: 10 | M75: OK | N75: OK | O75: 0.9243 | P75: Pass | Q75: 15 | R75: 4 | S75: 90
A76: 314510094 | B76: 楊皓翔 | C76: 31 | D76: Y | E76: OK | F76: OK | G76: 0.9039 | H76: 0.83 | I76: Pass | J76: 15 | K76: 4 | L76: 10 | M76: OK | N76: OK | O76: 0.9238 | P76: Pass | Q76: 15 | R76: 3 | S76: 73 | T76: Submission is not a zip file
A77: 314510103 | B77: 蔡翔閔 | C77: 28 | D77: N | E77: OK | F77: OK | G77: 0.9185 | H77: 0.6 | I77: Pass | J77: 15 | K77: 1 | L77: 10 | M77: OK | N77: OK | O77: 0.9233 | P77: Pass | Q77: 15 | R77: 2 | S77: 71
A78: 314510114 | B78: 郭育綸 | C78: 31 | D78: Y | E78: OK | F78: OK | G78: 0.9073 | H78: 0.86 | I78: Pass | J78: 15 | K78: 5 | L78: 10 | M78: OK | N78: OK | O78: 0.9251 | P78: Pass | Q78: 15 | R78: 7 | S78: 78 | T78: Submission is not a zip file
A79: 314510120 | B79: 李博安 | C79: 35 | D79: N | E79: OK | F79: OK | G79: 0.9006 | H79: 0.9015 | I79: Pass | J79: 15 | K79: 8 | L79: 10 | M79: OK | N79: OK | O79: 0.9257 | P79: Pass | Q79: 15 | R79: 9 | S79: 92
A80: 314510123 | B80: 蔡東宏 | C80: 34 | D80: N | E80: OK | F80: OK | G80: 0.9079 | H80: 0.91 | I80: Pass | J80: 15 | K80: 9 | L80: 10 | M80: OK | N80: OK | O80: 0.9252 | P80: Pass | Q80: 15 | R80: 8 | S80: 91
A81: 314510126 | B81: 張語楹 | C81: 29 | D81: N | E81: OK | F81: OK | G81: 0.904 | H81: 0.9 | I81: Pass | J81: 15 | K81: 8 | L81: 10 | M81: OK | N81: OK | O81: 0.9258 | P81: Pass | Q81: 15 | R81: 9 | S81: 86
A82: 314510130 | B82: 徐立人 | C82: 33 | D82: N | E82: OK | F82: OK | G82: 0.9034 | H82: 0.82 | I82: Pass | J82: 15 | K82: 4 | L82: 10 | M82: OK | N82: OK | O82: 0.9058 | P82: Pass | Q82: 15 | R82: 0 | S82: 77
A83: 314510131 | B83: 翁晨凱 | C83: 36 | D83: N | E83: OK | F83: OK | G83: 0.9026 | H83: 0.91 | I83: Pass | J83: 15 | K83: 9 | L83: 10 | M83: OK | N83: OK | O83: 0.9244 | P83: Pass | Q83: 15 | R83: 5 | S83: 90
A84: 314510133 | B84: 余家佑 | C84: 34 | D84: N | E84: OK | F84: OK | G84: 0.9063 | H84: 0.895 | I84: Pass | J84: 15 | K84: 7 | L84: 10 | M84: OK | N84: OK | O84: 0.9218 | P84: Pass | Q84: 15 | R84: 1 | S84: 82
A85: 314510134 | B85: 麥祐嘉 | C85: 38 | D85: N | E85: OK | F85: OK | G85: 0.9002 | H85: 0.9 | I85: Pass | J85: 15 | K85: 8 | L85: 10 | M85: OK | N85: OK | O85: 0.9235 | P85: Pass | Q85: 15 | R85: 3 | S85: 89
A86: 314510147 | B86: 徐衍齊 | C86: 33 | D86: N | E86: OK | F86: OK | G86: 0.9049 | H86: 0.8 | I86: Pass | J86: 15 | K86: 3 | L86: 10 | M86: OK | N86: OK | O86: 0.9252 | P86: Pass | Q86: 15 | R86: 8 | S86: 84
A87: 314510149 | B87: 林秉頤 | C87: 35 | D87: Y | E87: OK | F87: OK | G87: 0.9062 | H87: 0.8012 | I87: Pass | J87: 15 | K87: 3 | L87: 10 | M87: OK | N87: OK | O87: 0.9244 | P87: Pass | Q87: 15 | R87: 5 | S87: 78 | T87: .pt files naming error
A88: 314510151 | B88: 鄭元閔 | C88: 36 | D88: N | E88: OK | F88: OK | G88: 0.9052 | H88: 0.7812 | I88: Pass | J88: 15 | K88: 2 | L88: 10 | M88: OK | N88: OK | O88: 0.9252 | P88: Pass | Q88: 15 | R88: 8 | S88: 86
A89: 314510152 | B89: 徐煜絨 | C89: 36 | D89: N | E89: OK | F89: OK | G89: 0.9128 | H89: 0.88 | I89: Pass | J89: 15 | K89: 6 | L89: 10 | M89: OK | N89: OK | O89: 0.9254 | P89: Pass | Q89: 15 | R89: 8 | S89: 90
A90: 314510153 | B90: 王子嘉 | C90: 37 | D90: N | E90: OK | F90: OK | G90: 0.9101 | H90: 0.8279 | I90: Pass | J90: 15 | K90: 4 | L90: 10 | M90: OK | N90: OK | O90: 0.9157 | P90: Pass | Q90: 15 | R90: 0 | S90: 81
A91: 314510157 | B91: 林子恩 | C91: 33 | D91: N | E91: OK | F91: OK | G91: 0.9018 | H91: 0.855 | I91: Pass | J91: 15 | K91: 5 | L91: 10 | M91: OK | N91: OK | O91: 0.9079 | P91: Pass | Q91: 15 | R91: 0 | S91: 78
A92: 314510166 | B92: 劉昱旻 | C92: 36 | D92: N | E92: OK | F92: OK | G92: 0.9045 | H92: 0.945 | I92: Pass | J92: 15 | K92: 10 | L92: 10 | M92: OK | N92: OK | O92: 0.9253 | P92: Pass | Q92: 15 | R92: 8 | S92: 94
A93: 314510173 | B93: 鄭文碩 | C93: 30 | D93: N | E93: OK | F93: OK | G93: 0.9027 | H93: 0.8848 | I93: Pass | J93: 15 | K93: 6 | L93: 10 | M93: OK | N93: OK | O93: 0.9242 | P93: Pass | Q93: 15 | R93: 4 | S93: 80
A94: 314510174 | B94: 黃佳暄 | C94: 36 | D94: N | E94: OK | F94: OK | G94: 0.9029 | H94: 0.7262 | I94: Pass | J94: 15 | K94: 2 | L94: 10 | M94: OK | N94: OK | O94: 0.9034 | P94: Pass | Q94: 15 | R94: 0 | S94: 78
A95: 314510186 | B95: 鄭宇廷 | C95: 35 | D95: N | E95: OK | F95: OK | G95: 0.9085 | H95: 0.8858 | I95: Pass | J95: 15 | K95: 7 | L95: 10 | M95: OK | N95: OK | O95: 0.9255 | P95: Pass | Q95: 15 | R95: 9 | S95: 91
A96: 314510188 | B96: 張旭 | C96: 30 | D96: Y | E96: OK | F96: OK | G96: 0.9 | H96: 0.85 | I96: Pass | J96: 15 | K96: 5 | L96: 10 | M96: OK | N96: OK | O96: 0.9235 | P96: Pass | Q96: 15 | R96: 3 | S96: 73 | T96: .ipynb and pruning.pt files naming error
A97: 314510189 | B97: 薛油和 | C97: 35 | D97: Y | E97: OK | F97: OK | G97: 0.9022 | H97: 0.892 | I97: Pass | J97: 15 | K97: 7 | L97: 10 | M97: OK | N97: OK | O97: 0.8648 | P97: Fail | Q97: 0 | R97: 0 | S97: 62 | T97: .ipynb files naming error
A98: 314510192 | B98: 梁藍天 | C98: 28 | D98: N | E98: OK | F98: OK | G98: 0.9055 | H98: 0.9058 | I98: Pass | J98: 15 | K98: 8 | L98: 10 | M98: OK | N98: OK | O98: 0.9244 | P98: Pass | Q98: 15 | R98: 5 | S98: 81
A99: 314510195 | B99: 徐瑞澤 | C99: 34 | D99: N | E99: OK | F99: OK | G99: 0.9049 | H99: 0.9 | I99: Pass | J99: 15 | K99: 8 | L99: 10 | M99: OK | N99: OK | O99: 0.9247 | P99: Pass | Q99: 15 | R99: 6 | S99: 88
A100: 314510196 | B100: 施夷光 | C100: 36 | D100: N | E100: OK | F100: OK | G100: 0.9011 | H100: 0.9239 | I100: Pass | J100: 15 | K100: 9 | L100: 10 | M100: OK | N100: OK | O100: 0.9249 | P100: Pass | Q100: 15 | R100: 7 | S100: 92
...

Sheet Lab05
A1: 姓名 | B1: 所屬系所 | C1: 學號 | D1: Task1 | F1: Task2
D2: IoU | E2: Pass / Fail | F2: Quantize | G2: FLOPs | H2: Model Size | I2: IoU | J2: Performance | K2: Pass / Fail | L2: Rank | M2: Perf. Point | N2: Report | O2: Naming Error | P2: Total | Q2: Task1 Note | R2: Task2 Note | S2: Note
A3: 林知翰 | B3: 土木系 / DCV | C3: 0811254 | D3: 0.733498 | E3: PASS | F3: FALSE | G3: 22300460544 | H3: 27084.82 | I3: 0.688918 | J3: =G3*G3*H3*H3*(1/(I3-0.65)) -> 9.3740887e+30 | K3: PASS | L3: =IF(J3<>0,SUMPRODUCT(($J$3:$J$117<>0)*($J$3:$J$117<J3))+SUMPRODUCT(($J$119:$J$131<>0)*($J$119:$J$131<J3))+1,"") -> 119 | M3: =IF(J3<>0,(121-L3)/120*30,) -> 0.5 | N3: 14 | P3: =IF(E3="PASS",25,IF(E3="2DEMO",17.5,IF(E3="FAIL",0,"")))+IF(K3="PASS",25,IF(K3="2DEMO",17.5,IF(K3="FAIL",0,"")))+M3+N3+O3 -> 64.5
A4: 林品妤 | B4: 醫工系 / BME | C4: 111261022 | D4: 0 | E4: FAIL | F4: No file | J4: =G4*G4*H4*H4*(1/(I4-0.65)) -> 0 | K4: FAIL | L4: =IF(J4<>0,SUMPRODUCT(($J$3:$J$117<>0)*($J$3:$J$117<J4))+SUMPRODUCT(($J$119:$J$131<>0)*($J$119:$J$131<J4))+1,"") | M4: =IF(J4<>0,(121-L4)/120*30,) -> 0 | P4: =IF(E4="PASS",25,IF(E4="2DEMO",17.5,IF(E4="FAIL",0,"")))+IF(K4="PASS",25,IF(K4="2DEMO",17.5,IF(K4="FAIL",0,"")))+M4+N4+O4 -> 0 | Q4: No file | R4: No file
A5: 趙立榆 | B5: 電機系 / UEE | C5: 111511003 | D5: 0 | E5: FAIL | F5: No file | J5: =G5*G5*H5*H5*(1/(I5-0.65)) -> 0 | K5: FAIL | L5: =IF(J5<>0,SUMPRODUCT(($J$3:$J$117<>0)*($J$3:$J$117<J5))+SUMPRODUCT(($J$119:$J$131<>0)*($J$119:$J$131<J5))+1,"") | M5: =IF(J5<>0,(121-L5)/120*30,) -> 0 | P5: =IF(E5="PASS",25,IF(E5="2DEMO",17.5,IF(E5="FAIL",0,"")))+IF(K5="PASS",25,IF(K5="2DEMO",17.5,IF(K5="FAIL",0,"")))+M5+N5+O5 -> 0 | Q5: No file | R5: No file
A6: 劉邦榆 | B6: 電機系 / UEE | C6: 111511005 | D6: 0 | E6: FAIL | F6: No file | J6: =G6*G6*H6*H6*(1/(I6-0.65)) -> 0 | K6: FAIL | L6: =IF(J6<>0,SUMPRODUCT(($J$3:$J$117<>0)*($J$3:$J$117<J6))+SUMPRODUCT(($J$119:$J$131<>0)*($J$119:$J$131<J6))+1,"") | M6: =IF(J6<>0,(121-L6)/120*30,) -> 0 | P6: =IF(E6="PASS",25,IF(E6="2DEMO",17.5,IF(E6="FAIL",0,"")))+IF(K6="PASS",25,IF(K6="2DEMO",17.5,IF(K6="FAIL",0,"")))+M6+N6+O6 -> 0 | Q6: No file | R6: No file
A7: 林后辰 | B7: 電機系 / UEE | C7: 111511009 | D7: 0.738991 | E7: PASS | F7: FALSE | G7: 642498016 | H7: 801.359 | I7: 0.730972 | J7: =G7*G7*H7*H7*(1/(I7-0.65)) -> 3.2738815e+24 | K7: PASS | L7: =IF(J7<>0,SUMPRODUCT(($J$3:$J$117<>0)*($J$3:$J$117<J7))+SUMPRODUCT(($J$119:$J$131<>0)*($J$119:$J$131<J7))+1,"") -> 68 | M7: =IF(J7<>0,(121-L7)/120*30,) -> 13.25 | N7: 13 | P7: =IF(E7="PASS",25,IF(E7="2DEMO",17.5,IF(E7="FAIL",0,"")))+IF(K7="PASS",25,IF(K7="2DEMO",17.5,IF(K7="FAIL",0,"")))+M7+N7+O7 -> 76.25
A8: 莊之睿 | B8: 電機系 / UEE | C8: 111511010 | D8: 0.766736 | E8: PASS | F8: FALSE | G8: 1618081760 | H8: 1063.953 | I8: 0.696528 | J8: =G8*G8*H8*H8*(1/(I8-0.65)) -> 6.3698826e+25 | K8: 2DEMO | L8: =IF(J8<>0,SUMPRODUCT(($J$3:$J$117<>0)*($J$3:$J$117<J8))+SUMPRODUCT(($J$119:$J$131<>0)*($J$119:$J$131<J8))+1,"") -> 90 | M8: =IF(J8<>0,(121-L8)/120*30,) -> 7.75 | N8: 14 | P8: =IF(E8="PASS",25,IF(E8="2DEMO",17.5,IF(E8="FAIL",0,"")))+IF(K8="PASS",25,IF(K8="2DEMO",17.5,IF(K8="FAIL",0,"")))+M8+N8+O8 -> 64.25
A9: 郭弋愷 | B9: 電機系 / UEE | C9: 111511057 | D9: 0.769508 | E9: PASS | F9: FALSE | G9: 2245132288 | H9: 1570.73 | I9: 0.71436 | J9: =G9*G9*H9*H9*(1/(I9-0.65)) -> 1.9322838e+26 | K9: PASS | L9: =IF(J9<>0,SUMPRODUCT(($J$3:$J$117<>0)*($J$3:$J$117<J9))+SUMPRODUCT(($J$119:$J$131<>0)*($J$119:$J$131<J9))+1,"") -> 98 | M9: =IF(J9<>0,(121-L9)/120*30,) -> 5.75 | N9: 14 | P9: =IF(E9="PASS",25,IF(E9="2DEMO",17.5,IF(E9="FAIL",0,"")))+IF(K9="PASS",25,IF(K9="2DEMO",17.5,IF(K9="FAIL",0,"")))+M9+N9+O9 -> 69.75
A10: 茆鎮育 | B10: 電機系 / UEE | C10: 111511059 | D10: 0 | E10: FAIL | F10: No file | J10: =G10*G10*H10*H10*(1/(I10-0.65)) -> 0 | K10: FAIL | L10: =IF(J10<>0,SUMPRODUCT(($J$3:$J$117<>0)*($J$3:$J$117<J10))+SUMPRODUCT(($J$119:$J$131<>0)*($J$119:$J$131<J10))+1,"") | M10: =IF(J10<>0,(121-L10)/120*30,) -> 0 | P10: =IF(E10="PASS",25,IF(E10="2DEMO",17.5,IF(E10="FAIL",0,"")))+IF(K10="PASS",25,IF(K10="2DEMO",17.5,IF(K10="FAIL",0,"")))+M10+N10+O10 -> 0 | Q10: No file | R10: No file
A11: 簡宗弘 | B11: 電機系 / UEE | C11: 111511093 | D11: 0.797881 | E11: PASS | F11: FALSE | G11: 2013003776 | H11: 1073.312 | I11: 0.696144 | J11: =G11*G11*H11*H11*(1/(I11-0.65)) -> 1.0116398e+26 | K11: PASS | L11: =IF(J11<>0,SUMPRODUCT(($J$3:$J$117<>0)*($J$3:$J$117<J11))+SUMPRODUCT(($J$119:$J$131<>0)*($J$119:$J$131<J11))+1,"") -> 94 | M11: =IF(J11<>0,(121-L11)/120*30,) -> 6.75 | N11: 14 | P11: =IF(E11="PASS",25,IF(E11="2DEMO",17.5,IF(E11="FAIL",0,"")))+IF(K11="PASS",25,IF(K11="2DEMO",17.5,IF(K11="FAIL",0,"")))+M11+N11+O11 -> 70.75
A12: 林守凡 | B12: 電機系 / UEE | C12: 111511095 | D12: 0.736471 | E12: PASS | F12: FALSE | G12: 1190903808 | H12: 306.457 | I12: 0.66192 | J12: =G12*G12*H12*H12*(1/(I12-0.65)) -> 1.1174194e+25 | K12: PASS | L12: =IF(J12<>0,SUMPRODUCT(($J$3:$J$117<>0)*($J$3:$J$117<J12))+SUMPRODUCT(($J$119:$J$131<>0)*($J$119:$J$131<J12))+1,"") -> 77 | M12: =IF(J12<>0,(121-L12)/120*30,) -> 11 | N12: 15 | P12: =IF(E12="PASS",25,IF(E12="2DEMO",17.5,IF(E12="FAIL",0,"")))+IF(K12="PASS",25,IF(K12="2DEMO",17.5,IF(K12="FAIL",0,"")))+M12+N12+O12 -> 76
A13: 陳禹丞 | B13: 電機系 / UEE | C13: 111511099 | D13: 0.720306 | E13: PASS | F13: FALSE | G13: 120410560 | H13: 1039.094 | I13: 0.683212 | J13: =G13*G13*H13*H13*(1/(I13-0.65)) -> 4.7135031e+23 | K13: PASS | L13: =IF(J13<>0,SUMPRODUCT(($J$3:$J$117<>0)*($J$3:$J$117<J13))+SUMPRODUCT(($J$119:$J$131<>0)*($J$119:$J$131<J13))+1,"") -> 46 | M13: =IF(J13<>0,(121-L13)/120*30,) -> 18.75 | N13: 17 | P13: =IF(E13="PASS",25,IF(E13="2DEMO",17.5,IF(E13="FAIL",0,"")))+IF(K13="PASS",25,IF(K13="2DEMO",17.5,IF(K13="FAIL",0,"")))+M13+N13+O13 -> 85.75
A14: 陳郡佑 | B14: 電機系 / UEE | C14: 111511158 | D14: 0.756846 | E14: PASS | F14: FALSE | G14: 905445376 | H14: 989.609 | I14: 0.669916 | J14: =G14*G14*H14*H14*(1/(I14-0.65)) -> 4.0313422e+25 | K14: PASS | L14: =IF(J14<>0,SUMPRODUCT(($J$3:$J$117<>0)*($J$3:$J$117<J14))+SUMPRODUCT(($J$119:$J$131<>0)*($J$119:$J$131<J14))+1,"") -> 87 | M14: =IF(J14<>0,(121-L14)/120*30,) -> 8.5 | N14: 17 | P14: =IF(E14="PASS",25,IF(E14="2DEMO",17.5,IF(E14="FAIL",0,"")))+IF(K14="PASS",25,IF(K14="2DEMO",17.5,IF(K14="FAIL",0,"")))+M14+N14+O14 -> 75.5
A15: 劉哲丞 | B15: 電機系 / UEE | C15: 111511163 | D15: 0.721416 | E15: PASS | F15: FALSE | G15: 840082112 | H15: 948.594 | I15: 0.689732 | J15: =G15*G15*H15*H15*(1/(I15-0.65)) -> 1.5983202e+25 | K15: PASS | L15: =IF(J15<>0,SUMPRODUCT(($J$3:$J$117<>0)*($J$3:$J$117<J15))+SUMPRODUCT(($J$119:$J$131<>0)*($J$119:$J$131<J15))+1,"") -> 82 | M15: =IF(J15<>0,(121-L15)/120*30,) -> 9.75 | N15: 18 | P15: =IF(E15="PASS",25,IF(E15="2DEMO",17.5,IF(E15="FAIL",0,"")))+IF(K15="PASS",25,IF(K15="2DEMO",17.5,IF(K15="FAIL",0,"")))+M15+N15+O15 -> 77.75
A16: 鍾宗揚 | B16: 電機系 / UEE | C16: 111511186 | D16: 0.808142 | E16: PASS | F16: FALSE | G16: 323096312 | H16: 173.824 | I16: 0.691604 | J16: =G16*G16*H16*H16*(1/(I16-0.65)) -> 7.5813822e+22 | K16: PASS | L16: =IF(J16<>0,SUMPRODUCT(($J$3:$J$117<>0)*($J$3:$J$117<J16))+SUMPRODUCT(($J$119:$J$131<>0)*($J$119:$J$131<J16))+1,"") -> 28 | M16: =IF(J16<>0,(121-L16)/120*30,) -> 23.25 | N16: 16 | P16: =IF(E16="PASS",25,IF(E16="2DEMO",17.5,IF(E16="FAIL",0,"")))+IF(K16="PASS",25,IF(K16="2DEMO",17.5,IF(K16="FAIL",0,"")))+M16+N16+O16 -> 89.25
A17: 林文遠 | B17: 電機系 / UEE | C17: 111511208 | D17: 0.762171 | E17: PASS | F17: FALSE | G17: 1969618944 | H17: 439.73 | I17: 0.720169 | J17: =G17*G17*H17*H17*(1/(I17-0.65)) -> 1.0690335e+25 | K17: PASS | L17: =IF(J17<>0,SUMPRODUCT(($J$3:$J$117<>0)*($J$3:$J$117<J17))+SUMPRODUCT(($J$119:$J$131<>0)*($J$119:$J$131<J17))+1,"") -> 76 | M17: =IF(J17<>0,(121-L17)/120*30,) -> 11.25 | N17: 15 | P17: =IF(E17="PASS",25,IF(E17="2DEMO",17.5,IF(E17="FAIL",0,"")))+IF(K17="PASS",25,IF(K17="2DEMO",17.5,IF(K17="FAIL",0,"")))+M17+N17+O17 -> 76.25
A18: 賴柏任 | B18: 電機系 / UEE | C18: 111511211 | D18: 0.763599 | E18: PASS | F18: FALSE | G18: 749379584 | H18: 101.914 | I18: 0.662712 | J18: =G18*G18*H18*H18*(1/(I18-0.65)) -> 4.5883604e+23 | K18: PASS | L18: =IF(J18<>0,SUMPRODUCT(($J$3:$J$117<>0)*($J$3:$J$117<J18))+SUMPRODUCT(($J$119:$J$131<>0)*($J$119:$J$131<J18))+1,"") -> 45 | M18: =IF(J18<>0,(121-L18)/120*30,) -> 19 | N18: 15 | P18: =IF(E18="PASS",25,IF(E18="2DEMO",17.5,IF(E18="FAIL",0,"")))+IF(K18="PASS",25,IF(K18="2DEMO",17.5,IF(K18="FAIL",0,"")))+M18+N18+O18 -> 84
A19: 王乙棠 | B19: 電機系 / UEE | C19: 111511240 | D19: 0.783936 | E19: PASS | F19: FALSE | G19: 427934576 | H19: 113.266 | I19: 0.667891 | J19: =G19*G19*H19*H19*(1/(I19-0.65)) -> 1.3131649e+23 | K19: PASS | L19: =IF(J19<>0,SUMPRODUCT(($J$3:$J$117<>0)*($J$3:$J$117<J19))+SUMPRODUCT(($J$119:$J$131<>0)*($J$119:$J$131<J19))+1,"") -> 35 | M19: =IF(J19<>0,(121-L19)/120*30,) -> 21.5 | N19: 17 | P19: =IF(E19="PASS",25,IF(E19="2DEMO",17.5,IF(E19="FAIL",0,"")))+IF(K19="PASS",25,IF(K19="2DEMO",17.5,IF(K19="FAIL",0,"")))+M19+N19+O19 -> 88.5
A20: 李宇翔 | B20: 電機系 / UEE | C20: 111511247 | D20: 0.788901 | E20: PASS | F20: FALSE | G20: 611480576 | H20: 555.918 | I20: 0.676512 | J20: =G20*G20*H20*H20*(1/(I20-0.65)) -> 4.3585729e+24 | K20: PASS | L20: =IF(J20<>0,SUMPRODUCT(($J$3:$J$117<>0)*($J$3:$J$117<J20))+SUMPRODUCT(($J$119:$J$131<>0)*($J$119:$J$131<J20))+1,"") -> 71 | M20: =IF(J20<>0,(121-L20)/120*30,) -> 12.5 | N20: 14 | P20: =IF(E20="PASS",25,IF(E20="2DEMO",17.5,IF(E20="FAIL",0,"")))+IF(K20="PASS",25,IF(K20="2DEMO",17.5,IF(K20="FAIL",0,"")))+M20+N20+O20 -> 76.5
A21: 李昱承 | B21: 電機系 / UEE | C21: 111511249 | D21: 0.800526 | E21: PASS | F21: FALSE | G21: 642715525 | H21: 194.523 | I21: 0.711978 | J21: =G21*G21*H21*H21*(1/(I21-0.65)) -> 2.5219818e+23 | K21: PASS | L21: =IF(J21<>0,SUMPRODUCT(($J$3:$J$117<>0)*($J$3:$J$117<J21))+SUMPRODUCT(($J$119:$J$131<>0)*($J$119:$J$131<J21))+1,"") -> 38 | M21: =IF(J21<>0,(121-L21)/120*30,) -> 20.75 | N21: 18 | P21: =IF(E21="PASS",25,IF(E21="2DEMO",17.5,IF(E21="FAIL",0,"")))+IF(K21="PASS",25,IF(K21="2DEMO",17.5,IF(K21="FAIL",0,"")))+M21+N21+O21 -> 88.75
A22: 鄭丞佑 | B22: 電機系 / UEE | C22: 111511253 | D22: 0.797733 | E22: PASS | F22: FALSE | G22: 1835335680 | H22: 535.152 | I22: 0.689216 | J22: =G22*G22*H22*H22*(1/(I22-0.65)) -> 2.4599259e+25 | K22: PASS | L22: =IF(J22<>0,SUMPRODUCT(($J$3:$J$117<>0)*($J$3:$J$117<J22))+SUMPRODUCT(($J$119:$J$131<>0)*($J$119:$J$131<J22))+1,"") -> 85 | M22: =IF(J22<>0,(121-L22)/120*30,) -> 9 | N22: 16 | O22: -5 | P22: =IF(E22="PASS",25,IF(E22="2DEMO",17.5,IF(E22="FAIL",0,"")))+IF(K22="PASS",25,IF(K22="2DEMO",17.5,IF(K22="FAIL",0,"")))+M22+N22+O22 -> 70 | S22: pdf naming error
A23: 王信諺 | B23: 電機系 / UEE | C23: 111511260 | D23: 0.788873 | E23: PASS | F23: FALSE | G23: 393773656 | H23: 274.871 | I23: 0.669033 | J23: =G23*G23*H23*H23*(1/(I23-0.65)) -> 6.1552247e+23 | K23: PASS | L23: =IF(J23<>0,SUMPRODUCT(($J$3:$J$117<>0)*($J$3:$J$117<J23))+SUMPRODUCT(($J$119:$J$131<>0)*($J$119:$J$131<J23))+1,"") -> 51 | M23: =IF(J23<>0,(121-L23)/120*30,) -> 17.5 | N23: 14 | P23: =IF(E23="PASS",25,IF(E23="2DEMO",17.5,IF(E23="FAIL",0,"")))+IF(K23="PASS",25,IF(K23="2DEMO",17.5,IF(K23="FAIL",0,"")))+M23+N23+O23 -> 81.5
A24: 洪偉軒 | B24: 電機系 / UEE | C24: 111511263 | D24: 0.750938 | E24: PASS | F24: FALSE | G24: 2799501312 | H24: 958.844 | I24: 0.669609 | J24: =G24*G24*H24*H24*(1/(I24-0.65)) -> 3.6745301e+26 | K24: PASS | L24: =IF(J24<>0,SUMPRODUCT(($J$3:$J$117<>0)*($J$3:$J$117<J24))+SUMPRODUCT(($J$119:$J$131<>0)*($J$119:$J$131<J24))+1,"") -> 101 | M24: =IF(J24<>0,(121-L24)/120*30,) -> 5 | N24: 13 | P24: =IF(E24="PASS",25,IF(E24="2DEMO",17.5,IF(E24="FAIL",0,"")))+IF(K24="PASS",25,IF(K24="2DEMO",17.5,IF(K24="FAIL",0,"")))+M24+N24+O24 -> 68
A25: 陳沿霖 | B25: 電機系 / UEE | C25: 111511273 | D25: 0.79955 | E25: 2DEMO | F25: FALSE | G25: 2259179872 | H25: 1656.512 | I25: 0.691014 | J25: =G25*G25*H25*H25*(1/(I25-0.65)) -> 3.4147481e+26 | K25: 2DEMO | L25: =IF(J25<>0,SUMPRODUCT(($J$3:$J$117<>0)*($J$3:$J$117<J25))+SUMPRODUCT(($J$119:$J$131<>0)*($J$119:$J$131<J25))+1,"") -> 100 | M25: =IF(J25<>0,(121-L25)/120*30,) -> 5.25 | N25: 14 | P25: =IF(E25="PASS",25,IF(E25="2DEMO",17.5,IF(E25="FAIL",0,"")))+IF(K25="PASS",25,IF(K25="2DEMO",17.5,IF(K25="FAIL",0,"")))+M25+N25+O25 -> 54.25
A26: 黃治鈞 | B26: 電機系 / UEE | C26: 111511306 | D26: 0.771786 | E26: PASS | F26: FALSE | G26: 512360448 | H26: 313.227 | I26: 0.683749 | J26: =G26*G26*H26*H26*(1/(I26-0.65)) -> 7.6314782e+23 | K26: PASS | L26: =IF(J26<>0,SUMPRODUCT(($J$3:$J$117<>0)*($J$3:$J$117<J26))+SUMPRODUCT(($J$119:$J$131<>0)*($J$119:$J$131<J26))+1,"") -> 53 | M26: =IF(J26<>0,(121-L26)/120*30,) -> 17 | N26: 15 | P26: =IF(E26="PASS",25,IF(E26="2DEMO",17.5,IF(E26="FAIL",0,"")))+IF(K26="PASS",25,IF(K26="2DEMO",17.5,IF(K26="FAIL",0,"")))+M26+N26+O26 -> 82
A27: 唐以理 | B27: 電機系 / UEE | C27: 111511307 | D27: 0.741486 | E27: PASS | F27: FALSE | G27: 1594625696 | H27: 419.387 | I27: 0.700831 | J27: =G27*G27*H27*H27*(1/(I27-0.65)) -> 8.7987057e+24 | K27: PASS | L27: =IF(J27<>0,SUMPRODUCT(($J$3:$J$117<>0)*($J$3:$J$117<J27))+SUMPRODUCT(($J$119:$J$131<>0)*($J$119:$J$131<J27))+1,"") -> 75 | M27: =IF(J27<>0,(121-L27)/120*30,) -> 11.5 | N27: 13 | P27: =IF(E27="PASS",25,IF(E27="2DEMO",17.5,IF(E27="FAIL",0,"")))+IF(K27="PASS",25,IF(K27="2DEMO",17.5,IF(K27="FAIL",0,"")))+M27+N27+O27 -> 74.5
A28: 陳奕廷 | B28: 電機系 / UEE | C28: 111511308 | D28: 0.7454 | E28: PASS | F28: FALSE | G28: 395270000 | H28: 275.277 | I28: 0.673564 | J28: =G28*G28*H28*H28*(1/(I28-0.65)) -> 5.0243345e+23 | K28: PASS | L28: =IF(J28<>0,SUMPRODUCT(($J$3:$J$117<>0)*($J$3:$J$117<J28))+SUMPRODUCT(($J$119:$J$131<>0)*($J$119:$J$131<J28))+1,"") -> 48 | M28: =IF(J28<>0,(121-L28)/120*30,) -> 18.25 | N28: 15 | P28: =IF(E28="PASS",25,IF(E28="2DEMO",17.5,IF(E28="FAIL",0,"")))+IF(K28="PASS",25,IF(K28="2DEMO",17.5,IF(K28="FAIL",0,"")))+M28+N28+O28 -> 83.25
A29: 薛天其 | B29: 電機系 / UEE | C29: 111610032 | D29: 0.770831 | E29: PASS | F29: FALSE | G29: 216920218 | H29: 114.684 | I29: 0.667533 | J29: =G29*G29*H29*H29*(1/(I29-0.65)) -> 3.5297951e+22 | K29: PASS | L29: =IF(J29<>0,SUMPRODUCT(($J$3:$J$117<>0)*($J$3:$J$117<J29))+SUMPRODUCT(($J$119:$J$131<>0)*($J$119:$J$131<J29))+1,"") -> 23 | M29: =IF(J29<>0,(121-L29)/120*30,) -> 24.5 | N29: 18 | P29: =IF(E29="PASS",25,IF(E29="2DEMO",17.5,IF(E29="FAIL",0,"")))+IF(K29="PASS",25,IF(K29="2DEMO",17.5,IF(K29="FAIL",0,"")))+M29+N29+O29 -> 92.5
A30: 林柏伸 | B30: 電機系 / UEE | C30: 111611088 | D30: 0.779814 | E30: PASS | F30: FALSE | G30: 256657824 | H30: 72.684 | I30: 0.670367 | J30: =G30*G30*H30*H30*(1/(I30-0.65)) -> 1.7086755e+22 | K30: PASS | L30: =IF(J30<>0,SUMPRODUCT(($J$3:$J$117<>0)*($J$3:$J$117<J30))+SUMPRODUCT(($J$119:$J$131<>0)*($J$119:$J$131<J30))+1,"") -> 15 | M30: =IF(J30<>0,(121-L30)/120*30,) -> 26.5 | N30: 16 | P30: =IF(E30="PASS",25,IF(E30="2DEMO",17.5,IF(E30="FAIL",0,"")))+IF(K30="PASS",25,IF(K30="2DEMO",17.5,IF(K30="FAIL",0,"")))+M30+N30+O30 -> 92.5
A31: 謝歷恩 | B31: 電機系 / UEE | C31: 111651009 | D31: 0.777608 | E31: PASS | F31: FALSE | G31: 1522524160 | H31: 1174.285 | I31: 0.674367 | J31: =G31*G31*H31*H31*(1/(I31-0.65)) -> 1.3118173e+26 | K31: PASS | L31: =IF(J31<>0,SUMPRODUCT(($J$3:$J$117<>0)*($J$3:$J$117<J31))+SUMPRODUCT(($J$119:$J$131<>0)*($J$119:$J$131<J31))+1,"") -> 96 | M31: =IF(J31<>0,(121-L31)/120*30,) -> 6.25 | N31: 14 | P31: =IF(E31="PASS",25,IF(E31="2DEMO",17.5,IF(E31="FAIL",0,"")))+IF(K31="PASS",25,IF(K31="2DEMO",17.5,IF(K31="FAIL",0,"")))+M31+N31+O31 -> 70.25
